x
Chrysochloris_asiatica__Cape_golden_mole__chrAsi1
Dugong_dugon__dugong__HLdugDug1
Echinops_telfairi__small_Madagascar_hedgehog__echTel2
Elephantulus_edwardii__Cape_elephant_shrew__eleEdw1
Elephas_maximus__Asiatic_elephant__HLeleMax1
Heterohyrax_brucei__yellow-spotted_hyrax__HLhetBru1
Hydrodamalis_gigas__Stellers_sea_cow__HLhydGig1
Loxodonta_africana__African_savanna_elephant__HLloxAfr4
Microgale_talazaci__Talazacs_shrew_tenrec__HLmicTal1
Orycteropus_afer_afer__aardvark__HLoryAfeAfe2
Orycteropus_afer_afer__aardvark__oryAfe1
Procavia_capensis__Cape_rock_hyrax__HLproCap3
Procavia_capensis__Cape_rock_hyrax__HLproCap4
Trichechus_manatus_latirostris__Florida_manatee__triMan1
Acinonyx_jubatus__cheetah__HLaciJub2
Ailuropoda_melanoleuca__giant_panda__HLailMel2
Ailurus_fulgens__lesser_panda__HLailFul2
Arctocephalus_gazella__antarctic_fur_seal__HLarcGaz2
Bassariscus_sumichrasti__Cacomistle__HLbasSum1
Callorhinus_ursinus__northern_fur_seal__HLcalUrs1
Canis_lupus_familiaris__dog__canFam3
Canis_lupus_familiaris__dog__canFam3
Canis_lupus_familiaris__dog__canFam4
Canis_lupus_familiaris__dog__canFam4
Canis_lupus_familiaris__dog__canFam5
Canis_lupus_familiaris__dog__canFam5
Canis_lupus_familiaris__dog__canFam6
Canis_lupus_familiaris__dog__canFam6
Canis_lupus_familiaris__Dog__HLcanLupFam7
Canis_lupus_familiaris__Dog__HLcanLupFam7
Crocuta_crocuta__spotted_hyena__HLcroCro1
Crocuta_crocuta__spotted_hyena__HLcroCro2
Cryptoprocta_ferox__fossa__HLcryFer2
Erignathus_barbatus__bearded_seal__HLeriBar1
Eumetopias_jubatus__Steller_sea_lion__HLeumJub1
Felis_catus__domestic_cat__felCat9
Felis_nigripes__black-footed_cat__HLfelNig1
Felis_nigripes__black-footed_cat__HLfelNig2
Gulo_gulo__wolverine__HLgulGul1
Halichoerus_grypus__gray_seal__HLhalGry1
Helogale_parvula__dwarf_mongoose__HLhelPar1
Hyaena_hyaena__striped_hyena__HLhyaHya1
Leptonychotes_weddellii__Weddell_seal__HLlepWed2
Leptonychotes_weddellii__Weddell_seal__lepWed1
Lontra_canadensis__Northern_American_river_otter__HLlonCan1
Lutra_lutra__Eurasian_river_otter__HLlutLut1
Lycaon_pictus__African_hunting_dog__HLlycPic2
Lycaon_pictus__African_hunting_dog__HLlycPic3
Lynx_canadensis__Canada_lynx__HLlynCan1
Lynx_pardinus__Spanish_lynx__HLlynPar1
Martes_zibellina__sable__HLmarZib1
Mellivora_capensis__ratel__HLmelCap1
Mirounga_angustirostris__Northern_elephant_seal__HLmirAng2
Mirounga_leonina__Southern_elephant_seal__HLmirLeo1
Mungos_mungo__banded_mongoose__HLmunMug1
Mustela_erminea__ermine__HLmusErm1
Mustela_putorius__European_polecat__HLmusPut1
Nasua_narica__White-nosed_coati__HLnasNar1
Neofelis_nebulosa__Clouded_leopard__HLneoNeb1
Neomonachus_schauinslandi__Hawaiian_monk_seal__neoSch1
Neovison_vison__American_mink__HLneoVis1
Odobenus_rosmarus__walrus__HLodoRos1
Panthera_leo__lion__HLpanLeo1
Panthera_onca__jaguar__HLpanOnc1
Panthera_onca__jaguar__HLpanOnc2
Panthera_pardus__leopard__HLpanPar1
Paradoxurus_hermaphroditus__Asian_palm_civet__HLparHer1
Phoca_vitulina__harbor_seal__HLphoVit1
Potos_flavus__kinkajou__HLpotFla1
Prionailurus_bengalensis_euptilurus__Amur_leopard_cat__HLpriBen1
Procyon_lotor__raccoon__HLproLot1
Pteronura_brasiliensis__giant_otter__HLpteBra1
Pteronura_brasiliensis__giant_otter__HLpteBra2
Puma_concolor__puma__HLpumCon1
Puma_yagouaroundi__jaguarundi__HLpumYag1
Spilogale_gracilis__western_spotted_skunk__HLspiGra1
Suricata_suricatta__meerkat__HLsurSur1
Suricata_suricatta__meerkat__HLsurSur2
Taxidea_taxus_jeffersonii__American_badger__HLtaxTax1
Ursus_americanus__American_black_bear__HLursAme1
Ursus_americanus__American_black_bear__HLursAme1
Ursus_americanus__American_black_bear__HLursAme2
Ursus_americanus__American_black_bear__HLursAme2
Ursus_arctos_horribilis__brown_bear__HLursArc1
Ursus_maritimus__polar_bear__ursMar1
Ursus_thibetanus_thibetanus__Asiatic_black_bear__HLursThi1
Vulpes_lagopus__Arctic_fox__HLvulLag1
Vulpes_vulpes__red_fox__HLvulVul1
Vulpes_vulpes__red_fox__HLvulVul2
Zalophus_californianus__California_sea_lion__HLzalCal1
Aeorestes_cinereus__hoary_bat__HLaeoCin1
Anoura_caudifer__tailed_tailless_bat__HLanoCau1
Antrozous_pallidus__pallid_bat__HLantPal1
Artibeus_jamaicensis__Jamaican_fruit-eating_bat__HLartJam1
Artibeus_jamaicensis__Jamaican_fruit-eating_bat__HLartJam2
Carollia_perspicillata__Sebas_short-tailed_bat__HLcarPer3
Craseonycteris_thonglongyai__hog-nosed_bat__HLcraTho1
Cynopterus_brachyotis__lesser_short-nosed_fruit_bat__HLcynBra1
Eidolon_dupreanum__Malagasy_straw-colored_fruit_bat__HLeidDup1
Eidolon_helvum__straw-colored_fruit_bat__HLeidHel2
Eonycteris_spelaea__lesser_dawn_bat__HLeonSpe1
Eptesicus_fuscus__big_brown_bat__eptFus1
Eptesicus_fuscus__big_brown_bat__HLeptFus2
Hipposideros_armiger__great_roundleaf_bat__HLhipArm1
Hipposideros_galeritus__Cantors_roundleaf_bat__HLhipGal1
Lasiurus_borealis__red_bat__HLlasBor1
Leptonycteris_yerbabuenae__Lesser_long-nosed_bat__HLlepYer1
Macroglossus_sobrinus__-__HLmacSob1
Macrotus_californicus__California_big-eared_bat__HLmacCal1
Megaderma_lyra__Indian_false_vampire__HLmegLyr2
Micronycteris_hirsuta__-__HLmicHir1
Miniopterus_natalensis__-__HLminNat1
Miniopterus_schreibersii__Schreibers_long-fingered_bat__HLminSch1
Molossus_molossus__Pallass_mastiff_bat__HLmolMol2
Mormoops_blainvillei__Antillean_ghost-faced_bat__HLmorBla1
Murina_aurata_feae__Little_tube-nosed_bat__HLmurAurFea1
Myotis_brandtii__Brandts_bat__myoBra1
Myotis_davidii__-__myoDav1
Myotis_lucifugus__little_brown_bat__HLmyoLuc1
Myotis_lucifugus__little_brown_bat__myoLuc2
Myotis_myotis__-__HLmyoMyo6
Myotis_septentrionalis__Northern_long-eared_myotis__HLmyoSep1
Noctilio_leporinus__greater_bulldog_bat__HLnocLep1
Nycticeius_humeralis__evening_bat__HLnycHum2
Phyllostomus_discolor__pale_spear-nosed_bat__HLphyDis3
Pipistrellus_kuhlii__Kuhls_pipistrelle__HLpipKuh2
Pipistrellus_pipistrellus__common_pipistrelle__HLpipPip1
Pipistrellus_pipistrellus__common_pipistrelle__HLpipPip2
Pteronotus_parnellii__Parnells_mustached_bat__ptePar1
Pteropus_alecto__black_flying_fox__pteAle1
Pteropus_giganteus__Indian_flying_fox__HLpteGig1
Pteropus_pselaphon__Bonin_flying_fox__HLptePse1
Pteropus_rufus__Malagasy_flying_fox__HLpteRuf1
Pteropus_vampyrus__large_flying_fox__HLpteVam2
Rhinolophus_ferrumequinum__greater_horseshoe_bat__HLrhiFer5
Rhinolophus_sinicus__Chinese_rufous_horseshoe_bat__HLrhiSin1
Rousettus_aegyptiacus__Egyptian_rousette__HLrouAeg4
Rousettus_leschenaultii__Leschenaults_rousette__HLrouLes1
Rousettus_madagascariensis__Madagascan_rousette__HLrouMad1
Sturnira_hondurensis__-__HLstuHon1
Tadarida_brasiliensis__Brazilian_free-tailed_bat__HLtadBra1
Tonatia_saurophila__stripe-headed_round-eared_bat__HLtonSau1
Galeopterus_variegatus__Sunda_flying_lemur__HLgalVar2
Condylura_cristata__star-nosed_mole__conCri1
Erinaceus_europaeus__western_European_hedgehog__eriEur2
Scalopus_aquaticus__eastern_mole__HLscaAqu1
Solenodon_paradoxus__Hispaniolan_solenodon__HLsolPar1
Sorex_araneus__European_shrew__sorAra2
Talpa_occidentalis__Iberian_mole__HLtalOcc1
Uropsilus_gracilis__gracile_shrew_mole__HLuroGra1
Lepus_americanus__snowshoe_hare__HLlepAme1
Lepus_timidus__Mountain_hare__HLlepTim1
Ochotona_princeps__American_pika__ochPri3
Oryctolagus_cuniculus__rabbit__HLoryCun3
Oryctolagus_cuniculus__rabbit__oryCun2
Sylvilagus_bachmani__brush_rabbit__HLsylBac1
Antechinus_flavipes__yellow-footed_antechinus__HLantFla1
Didelphis_virginiana__North_American_opossum__HLdidVir1
Gracilinanus_agilis__Agile_Gracile_Mouse_Opossum__HLgraAgi1
Gymnobelideus_leadbeateri__Leadbeaters_possum__HLgymLea1
Gymnobelideus_leadbeateri__Leadbeaters_possum__HLgymLea2
Macropus_fuliginosus__western_gray_kangaroo__HLmacFul1
Macropus_giganteus__eastern_gray_kangaroo__HLmacGig1
Monodelphis_domestica__gray_short-tailed_opossum__monDom5
Notamacropus_eugenii__tammar_wallaby__HLnotEug3
Notamacropus_eugenii__tammar_wallaby__HLnotEug3
Osphranter_rufus__red_kangaroo__HLospRuf1
Phalanger_gymnotis__-__HLphaGym1
Phascolarctos_cinereus__koala__HLphaCin1
Pseudocheirus_occidentalis__Western_ringtail_oppossum__HLpseOcc1
Pseudochirops_corinnae__golden_ringtail_possum__HLpseCor1
Pseudochirops_cupreus__coppery_ringtail_possum__HLpseCup1
Sarcophilus_harrisii__Tasmanian_devil__HLsarHar2
Thylacinus_cynocephalus__Tasmanian_wolf__HLthyCyn1
Trichosurus_vulpecula__common_brushtail__HLtriVul1
Trichosurus_vulpecula__common_brushtail__HLtriVul2
Vombatus_ursinus__common_wombat__HLvomUrs1
Ceratotherium_simum_cottoni__northern_white_rhinoceros__HLcerSimCot1
Ceratotherium_simum_cottoni__northern_white_rhinoceros__HLcerSimCot2
Diceros_bicornis__black_rhinoceros__HLdicBic1
Equus_asinus__ass__HLequAsi1
Equus_burchellii_boehmi__-__HLequQuaBoe1
Equus_caballus__horse__equCab3
Equus_przewalskii__Przewalskis_horse__equPrz1
Rhinoceros_unicornis__greater_Indian_rhinoceros__HLrhiUni1
Tapirus_indicus__Asiatic_tapir__HLtapInd1
Tapirus_indicus__Asiatic_tapir__HLtapInd2
Tapirus_terrestris__Brazilian_tapir__HLtapTer1
Tapirus_terrestris__Brazilian_tapir__HLtapTer2
Manis_javanica__Malayan_pangolin__HLmanJav1
Manis_javanica__Malayan_pangolin__HLmanJav2
Manis_pentadactyla__Chinese_pangolin__HLmanPen2
Manis_pentadactyla__Chinese_pangolin__manPen1
Manis_tricuspis__Tree_pangolin__HLmanTri1
Phataginus_tricuspis__Tree_pangolin__HLphaTri2
Allenopithecus_nigroviridis__Allens_swamp_monkey__HLallNig1
Alouatta_palliata__mantled_howler_monkey__HLaloPal1
Aotus_nancymaae__Mas_night_monkey__aotNan1
Ateles_geoffroyi__black-handed_spider_monkey__HLateGeo1
Callithrix_jacchus__white-tufted-ear_marmoset__HLcalJac4
Callithrix_pygmaea__pygmy_marmoset__HLcalPym1
Carlito_syrichta__Philippine_tarsier__tarSyr2
Cebus_albifrons__white-fronted_capuchin__HLcebAlb1
Cercocebus_atys__sooty_mangabey__cerAty1
Cercopithecus_mona__Mona_monkey__HLcerMon1
Cercopithecus_neglectus__De_Brazzas_monkey__HLcerNeg1
Cheirogaleus_medius__Lesser_dwarf_lemur__HLcheMed1
Chlorocebus_sabaeus__green_monkey__chlSab2
Daubentonia_madagascariensis__aye-aye__HLdauMad1
Erythrocebus_patas__red_guenon__HLeryPat1
Eulemur_flavifrons__Sclaters_lemur__eulFla1
Eulemur_flavifrons__Sclaters_lemur__HLeulFla1
Eulemur_fulvus__brown_lemur__HLeulFul1
Eulemur_macaco__black_lemur__eulMac1
Eulemur_mongoz__mongoose_lemur__HLeulMon1
Gorilla_gorilla__western_gorilla__HLgorGor7
Hylobates_moloch__silvery_gibbon__HLhylMol2
Indri_indri__-__HLindInd1
Lemur_catta__Ring-tailed_lemur__HLlemCat1
Lemur_catta__Ring-tailed_lemur__HLlemCat2
Macaca_fascicularis__crab-eating_macaque__HLmacFas6
Macaca_fuscata__Japanese_macaque__HLmacFus1
Macaca_mulatta__Rhesus_monkey__rheMac10
Macaca_nemestrina__pig-tailed_macaque__macNem1
Mandrillus_leucophaeus__drill__manLeu1
Mandrillus_sphinx__mandrill__HLmanSph1
Mandrillus_sphinx__mandrill__HLmanSph2
Microcebus_murinus__gray_mouse_lemur__micMur3
Microcebus_sp._3_GT-2019__-__HLmicSpe31
Microcebus_tavaratra__-__HLmicTav1
Mirza_coquereli__Coquerels_mouse_lemur__HLmirCoq1
Mirza_zaza__-__HLmirZaz1
Nasalis_larvatus__proboscis_monkey__nasLar1
Nomascus_leucogenys__northern_white-cheeked_gibbon__HLnomLeu4
Nycticebus_coucang__slow_loris__HLnycCou1
Otolemur_garnettii__small-eared_galago__otoGar3
Pan_paniscus__pygmy_chimpanzee__HLpanPan4
Pan_paniscus__pygmy_chimpanzee__panPan3
Pan_troglodytes__chimpanzee__HLpanTro7
Pan_troglodytes__chimpanzee__panTro6
Papio_anubis__olive_baboon__HLpapAnu5
Piliocolobus_tephrosceles__Ugandan_red_Colobus__HLpilTep2
Pithecia_pithecia__white-faced_saki__HLpitPit1
Plecturocebus_donacophilus__Bolivian_titi__HLpleDon1
Pongo_abelii__Sumatran_orangutan__HLponAbe4
Pongo_abelii__Sumatran_orangutan__ponAbe3
Prolemur_simus__greater_bamboo_lemur__HLproSim1
Propithecus_coquereli__Coquerels_sifaka__HLproCoq2
Propithecus_coquereli__Coquerels_sifaka__proCoq1
Pygathrix_nemaeus__Red_shanked_douc_langur__HLpygNem1
Rhinopithecus_bieti__black_snub-nosed_monkey__rhiBie1
Rhinopithecus_roxellana__golden_snub-nosed_monkey__HLrhiRox2
Saguinus_imperator__tamarin__HLsagImp1
Saimiri_boliviensis__Bolivian_squirrel_monkey__HLsaiBol1
Sapajus_apella__Tufted_capuchin__HLsapApe1
Semnopithecus_entellus__Hanuman_langur__HLsemEnt1
Theropithecus_gelada__gelada__HLtheGel1
Trachypithecus_francoisi__Francoiss_langur__HLtraFra1
Ornithorhynchus_anatinus__platypus__HLornAna3
Ornithorhynchus_anatinus__platypus__HLornAna4
Tachyglossus_aculeatus__Australian_echidna__HLtacAcu1
Tachyglossus_aculeatus__Australian_echidna__HLtacAcu2
Acomys_cahirinus__Egyptian_spiny_mouse__HLacoCah1
Acomys_cahirinus__Egyptian_spiny_mouse__HLacoCah2
Acomys_russatus__golden_spiny_mouse__HLacoRus1
Allactaga_bullata__Gobi_jerboa__HLallBul1
Aplodontia_rufa__mountain_beaver__HLaplRuf1
Apodemus_sylvaticus__European_woodmouse__HLapoSyl1
Arvicanthis_niloticus__African_grass_rat__HLarvNil1
Arvicanthis_niloticus__African_grass_rat__HLarvNil1B
Arvicola_amphibius__Eurasian_water_mole__HLarvAmp1
Castor_canadensis__American_beaver__HLcasCan3
Cavia_aperea__Brazilian_guinea_pig__cavApe1
Cavia_porcellus__domestic_guinea_pig__cavPor3
Cavia_tschudii__Montane_guinea_pig__HLcavTsc1
Chinchilla_lanigera__long-tailed_chinchilla__chiLan1
Coendou_prehensilis__-__HLcoePre1
Cricetomys_gambianus__Gambian_giant_pouched_rat__HLcriGam1
Cricetulus_griseus__Chinese_hamster__HLcriGri3
Ctenodactylus_gundi__northern_gundi__HLcteGun1
Ctenomys_sociabilis__social_tuco-tuco__HLcteSoc1
Cynomys_gunnisoni__Gunnisons_prairie_dog__HLcynGun1
Dasyprocta_punctata__punctate_agouti__HLdasPun1
Dinomys_branickii__pacarana__HLdinBra1
Dipodomys_ordii__Ords_kangaroo_rat__dipOrd2
Dipodomys_stephensi__Stephenss_kangaroo_rat__HLdipSte1
Dolichotis_patagonum__Patagonian_cavy__HLdolPat1
Ellobius_lutescens__Transcaucasian_mole_vole__HLellLut1
Ellobius_talpinus__Northern_mole_vole__HLellTal1
Erethizon_dorsatum__North_American_porcupine__HLereDor1
Erethizon_dorsatum__North_American_porcupine__HLereDor2
Fukomys_damarensis__Damara_mole-rat__HLfukDam2
Glis_glis__Fat_dormouse__HLgliGli1
Grammomys_surdaster__-__HLgraSur1
Graphiurus_murinus__woodland_dormouse__HLgraMur1
Heterocephalus_glaber__naked_mole-rat__hetGla2
Heterocephalus_glaber__naked_mole-rat__HLhetGla3
Hydrochoerus_hydrochaeris__capybara__HLhydHyd1
Hydrochoerus_hydrochaeris__capybara__HLhydHyd2
Hystrix_cristata__crested_porcupine__HLhysCri1
Ictidomys_tridecemlineatus__thirteen-lined_ground_squirrel__HLictTri2
Ictidomys_tridecemlineatus__thirteen-lined_ground_squirrel__speTri2
Jaculus_jaculus__lesser_Egyptian_jerboa__jacJac1
Marmota_flaviventris__yellow-bellied_marmot__HLmarFla1
Marmota_himalayana__Himalayan_marmot__HLmarHim1
Marmota_monax__woodchuck__HLmarMon1
Marmota_monax__woodchuck__HLmarMon1
Marmota_monax__woodchuck__HLmarMon2
Marmota_monax__woodchuck__HLmarMon2
Marmota_vancouverensis__Vancouver_marmot__HLmarVan1
Mastomys_coucha__southern_multimammate_mouse__HLmasCou1
Meriones_unguiculatus__Mongolian_gerbil__HLmerUng1
Mesocricetus_auratus__golden_hamster__HLmesAur2
Mesocricetus_auratus__golden_hamster__HLmesAur3
Mesocricetus_auratus__golden_hamster__mesAur1
Microtus_agrestis__short-tailed_field_vole__HLmicAgr2
Microtus_arvalis__Common_vole__HLmicArv1
Microtus_fortis__reed_vole__HLmicFor1
Microtus_ochrogaster__prairie_vole__micOch1
Microtus_oeconomus__root_vole__HLmicOec1
Mus_caroli__Ryukyu_mouse__HLmusCar1
Mus_musculus__house_mouse__mm10
Mus_musculus__house_mouse__mm39
Mus_pahari__shrew_mouse__HLmusPah1
Mus_spicilegus__steppe_mouse__HLmusSpi1
Mus_spretus__western_wild_mouse__HLmusSpr1
Muscardinus_avellanarius__hazel_dormouse__HLmusAve1
Myocastor_coypus__nutria__HLmyoCoy1
Myodes_glareolus__Bank_vole__HLmyoGla2
Nannospalax_galili__Upper_Galilee_mountains_blind_mole_rat__nanGal1
Neotoma_lepida__desert_woodrat__HLneoLep1
Octodon_degus__degu__octDeg1
Ondatra_zibethicus__muskrat__HLondZib1
Onychomys_torridus__southern_grasshopper_mouse__HLonyTor1
Pedetes_capensis__springhare__HLpedCap1
Peromyscus_californicus_insignis__California_mouse__HLperCal2
Peromyscus_crinitus__-__HLperCri1
Peromyscus_eremicus__cactus_mouse__HLperEre1
Peromyscus_leucopus__white-footed_mouse__HLperLeu1
Peromyscus_nasutus__northern_rock_mouse__HLperNas1
Peromyscus_polionotus_subgriseus__oldfield_mouse__HLperPol1
Petromus_typicus__dassie-rat__HLpetTyp1
Psammomys_obesus__fat_sand_rat__HLpsaObe1
Rattus_norvegicus__Norway_rat__HLratNor7
Rattus_norvegicus__Norway_rat__rn6
Rattus_norvegicus__Norway_rat__rn7
Rattus_rattus__black_rat__HLratRat7
Rhizomys_pruinosus__hoary_bamboo_rat__HLrhiPru1
Rhombomys_opimus__great_gerbil__HLrhoOpi1
Sciurus_carolinensis__gray_squirrel__HLsciCar1
Sciurus_vulgaris__Eurasian_red_squirrel__HLsciVul1
Sigmodon_hispidus__hispid_cotton_rat__HLsigHis1
Spermophilus_dauricus__Daurian_ground_squirrel__HLspeDau1
Thryonomys_swinderianus__Greater_cane_rat__HLthrSwi1
Urocitellus_parryii__Arctic_ground_squirrel__HLuroPar1
Xerus_inauris__South_African_ground_squirrel__HLxerIna1
Zapus_hudsonius__meadow_jumping_mouse__HLzapHud1
Aepyceros_melampus__impala__HLaepMel1
Alces_alces__Eurasian_elk__HLalcAlc1
Ammotragus_lervia__aoudad__HLammLer1
Antidorcas_marsupialis__springbok__HLantMar1
Antilocapra_americana__pronghorn__HLantAme1
Axis_porcinus__Hog_deer__HLaxiPor1
Beatragus_hunteri__-__HLbeaHun1
Bos_frontalis__gayal__HLbosFro1
Bos_gaurus__gaur__HLbosGau1
Bos_grunniens__domestic_yak__HLbosGru1
Bos_indicus__zebu_cattle__HLbosInd2
Bos_mutus__wild_yak__HLbosMut2
Bos_taurus__cattle__bosTau9
Bubalus_bubalis__water_buffalo__HLbubBub2
Capra_aegagrus__wild_goat__HLcapAeg1
Capra_hircus__goat__HLcapHir2
Capra_ibex__Alpine_ibex__HLcapIbe1
Capra_sibirica__Siberian_ibex__HLcapSib1
Capreolus_pygargus__Eastern_roe_deer__HLcapPyg1
Cephalophus_harveyi__Harveys_duiker__HLcepHar1
Cervus_elaphus_hippelaphus__red_deer__HLcerEla1
Cervus_hanglu_yarkandensis__Yarkand_deer__HLcerHanYar1
Connochaetes_taurinus__brindled_gnu__HLconTau2
Damaliscus_lunatus__topi__HLdamLun1
Elaphurus_davidianus__Pere_Davids_deer__HLelaDav1
Eudorcas_thomsonii__Thomsons_gazelle__HLeudTho1
Giraffa_camelopardalis__giraffe__HLgirCam1
Giraffa_camelopardalis__giraffe__HLgirCam1
Giraffa_camelopardalis__giraffe__HLgirCam2
Giraffa_camelopardalis__giraffe__HLgirCam2
Giraffa_tippelskirchi__-__HLgirTip1
Hemitragus_hylocrius__Nilgiri_tahr__HLhemHyl1
Hippotragus_equinus__roan_antelope__HLhipEqu1
Hippotragus_niger_niger__sable_antelope__HLhipNig1
Hippotragus_niger_niger__sable_antelope__HLhipNigNig2
Hydropotes_inermis__Chinese_water_deer__HLhydIne1
Kobus_ellipsiprymnus__waterbuck__HLkobEll1
Kobus_leche_leche__lechwe__HLkobLecLec1
Litocranius_walleri__gerenuk__HLlitWal1
Madoqua_kirkii__Kirks_dik-dik__HLmadKir1
Moschus_berezovskii__Chinese_forest_musk_deer__HLmosBer1
Moschus_chrysogaster__alpine_musk_deer__HLmosChr1
Moschus_moschiferus__Siberian_musk_deer__HLmosMos1
Muntiacus_crinifrons__black_muntjac__HLmunCri1
Muntiacus_muntjak__muntjak__HLmunMun1
Muntiacus_reevesi__Reeves_muntjac__HLmunRee1
Nanger_granti__Grants_gazelle__HLnanGra1
Neotragus_moschatus__suni__HLneoMos1
Neotragus_pygmaeus__royal_antelope__HLneoPyg1
Odocoileus_hemionus_hemionus__mule_deer__HLodoHem1
Odocoileus_virginianus__white-tailed_deer__HLodoVir2
Odocoileus_virginianus__white-tailed_deer__HLodoVir3
Okapia_johnstoni__okapi__HLokaJoh2
Oreamnos_americanus__mountain_goat__HLoreAme1
Oreotragus_oreotragus__klipspringer__HLoreOre1
Oryx_dammah__scimitar-horned_oryx__HLoryDam1
Oryx_gazella__gemsbok__HLoryGaz1
Ovis_ammon__argali__HLoviAmm1
Ovis_aries__sheep__HLoviAri5
Ovis_canadensis__bighorn_sheep__HLoviCan2
Ovis_nivicola_lydekkeri__snow_sheep__HLoviNivLyd1
Ovis_orientalis__Asiatic_mouflon__HLoviOri1
Pantholops_hodgsonii__chiru__panHod1
Philantomba_maxwellii__Maxwells_duiker__HLphiMax1
Procapra_przewalskii__Przewalskis_gazelle__HLproPrz1
Przewalskium_albirostris__white-lipped_deer__HLprzAlb1
Rangifer_tarandus__reindeer__HLranTar1
Raphicerus_campestris__steenbok__HLrapCam1
Redunca_redunca__Bohar_reedbuck__HLredRed1
Saiga_tatarica__-__HLsaiTat1
Sylvicapra_grimmia__bush_duiker__HLsylGri1
Syncerus_caffer__African_buffalo__HLsynCaf1
Tragelaphus_imberbis__lesser_kudu__HLtraImb1
Tragelaphus_scriptus__bushbuck__HLtraScr1
Tragelaphus_strepsiceros__greater_kudu__HLtraStr1
Tragulus_javanicus__Java_mouse-deer__HLtraJav1
Tragulus_kanchil__-__HLtraKan1
Tupaia_belangeri__northern_tree_shrew__tupBel1
Tupaia_chinensis__Chinese_tree_shrew__tupChi1
Catagonus_wagneri__Chacoan_peccary__HLcatWag1
Sus_scrofa__pig__susScr11
Camelus_bactrianus__Bactrian_camel__HLcamBac1
Camelus_dromedarius__Arabian_camel__HLcamDro2
Camelus_dromedarius__Arabian_camel__HLcamDro3A
Camelus_ferus__Wild_Bactrian_camel__HLcamFer3
Lama_glama__llama__HLlamGla1
Lama_glama_chaku__llama__HLlamGlaCha1
Lama_guanicoe_cacsilensis__guanaco__HLlamGuaCac1
Vicugna_pacos__alpaca__HLvicPac4
Vicugna_pacos__alpaca__vicPac2
Vicugna_vicugna_mensalis__vicugna__HLvicVicMen1
Balaena_mysticetus__bowhead_whale__HLbalMys1
Balaenoptera_bonaerensis__Antarctic_minke_whale__HLbalBon1
Balaenoptera_edeni__pygmy_Brydes_whale__HLbalEde1
Balaenoptera_musculus__Blue_whale__HLbalMus1
Balaenoptera_musculus__Blue_whale__HLbalMus2
Balaenoptera_musculus__Blue_whale__HLbalMus2B
Balaenoptera_musculus__Blue_whale__HLbalMus3
Balaenoptera_physalus__Fin_whale__HLbalPhy1
Delphinapterus_leucas__beluga_whale__HLdelLeu2
Delphinapterus_leucas__beluga_whale__HLdelLeu3
Eschrichtius_robustus__grey_whale__HLescRob1
Eschrichtius_robustus__grey_whale__HLescRob2
Eubalaena_glacialis__North_Atlantic_right_whale__HLeubGla1
Eubalaena_japonica__North_Pacific_right_whale__HLeubJap1
Globicephala_melas__long-finned_pilot_whale__HLgloMel1
Globicephala_melas__long-finned_pilot_whale__HLgloMel2
Hippopotamus_amphibius__hippopotamus__HLhipAmp1
Hippopotamus_amphibius__hippopotamus__HLhipAmp1
Hippopotamus_amphibius__hippopotamus__HLhipAmp3
Hippopotamus_amphibius__hippopotamus__HLhipAmp3
Inia_geoffrensis__boutu__HLlniGeo1
Kogia_breviceps__pygmy_sperm_whale__HLkogBre1
Lagenorhynchus_obliquidens__Pacific_white-sided_dolphin__HLlagObl1
Lagenorhynchus_obliquidens__Pacific_white-sided_dolphin__HLlagObl2
Lipotes_vexillifer__Yangtze_River_dolphin__lipVex1
Megaptera_novaeangliae__humpback_whale__HLmegNov1
Megaptera_novaeangliae__humpback_whale__HLmegNov2
Mesoplodon_bidens__Sowerbys_beaked_whale__HLmesBid1
Monodon_monoceros__narwhal__HLmonMon1
Orcinus_orca__killer_whale__HLorcOrc2
Peponocephala_electra__melon-headed_whale__HLpepEle1
Phocoena_phocoena__harbor_porpoise__HLphoPho1
Phocoena_phocoena__harbor_porpoise__HLphoPho2
Phocoena_sinus__vaquita__HLphoSin1
Phocoena_sinus__vaquita__HLphoSin1B
Physeter_catodon__sperm_whale__HLphyCat2
Physeter_catodon__sperm_whale__HLphyCat2
Physeter_catodon__sperm_whale__phyCat1
Physeter_catodon__sperm_whale__phyCat1
Platanista_minor__Indus_River_dolphin__HLplaMin1
Pontoporia_blainvillei__franciscana__HLponBla1
Sousa_chinensis__Indo-pacific_humpbacked_dolphin__HLsouChi1
Tursiops_aduncus__Indo-pacific_bottlenose_dolphin__HLturAdu1
Tursiops_aduncus__Indo-pacific_bottlenose_dolphin__HLturAdu1
Tursiops_aduncus__Indo-pacific_bottlenose_dolphin__HLturAdu2
Tursiops_aduncus__Indo-pacific_bottlenose_dolphin__HLturAdu2
Tursiops_truncatus__common_bottlenose_dolphin__HLturTru3
Tursiops_truncatus__common_bottlenose_dolphin__HLturTru4
Tursiops_truncatus__common_bottlenose_dolphin__HLturTru5
Ziphius_cavirostris__Cuviers_beaked_whale__HLzipCav1
Choloepus_didactylus__southern_two-toed_sloth__HLchoDid1
Choloepus_didactylus__southern_two-toed_sloth__HLchoDid1
Choloepus_didactylus__southern_two-toed_sloth__HLchoDid2
Choloepus_didactylus__southern_two-toed_sloth__HLchoDid2
Choloepus_hoffmanni__Hoffmanns_two-fingered_sloth__HLchoHof3
Dasypus_novemcinctus__nine-banded_armadillo__dasNov3
Myrmecophaga_tridactyla__giant_anteater__HLmyrTri1
Tamandua_tetradactyla__southern_tamandua__HLtamTet1
Tamandua_tetradactyla__southern_tamandua__HLtamTet2
Tolypeutes_matacus__-__HLtolMat1
