scientific	full	fa
Chrysochloris asiatica	Chrysochloris_asiatica__Cape_golden_mole__chrAsi1	vs_chrAsi1
Dugong dugon	Dugong_dugon__dugong__HLdugDug1	vs_HLdugDug1
Echinops telfairi	Echinops_telfairi__small_Madagascar_hedgehog__echTel2	vs_echTel2
Elephantulus edwardii	Elephantulus_edwardii__Cape_elephant_shrew__eleEdw1	vs_eleEdw1
Elephas maximus	Elephas_maximus__Asiatic_elephant__HLeleMax1	vs_HLeleMax1
Heterohyrax brucei	Heterohyrax_brucei__yellow-spotted_hyrax__HLhetBru1	vs_HLhetBru1
Hydrodamalis gigas	Hydrodamalis_gigas__Stellers_sea_cow__HLhydGig1	vs_HLhydGig1
Loxodonta africana	Loxodonta_africana__African_savanna_elephant__HLloxAfr4	vs_HLloxAfr4
Microgale talazaci	Microgale_talazaci__Talazacs_shrew_tenrec__HLmicTal1	vs_HLmicTal1
Trichechus manatus latirostris	Trichechus_manatus_latirostris__Florida_manatee__triMan1	vs_triMan1
Acinonyx jubatus	Acinonyx_jubatus__cheetah__HLaciJub2	vs_HLaciJub2
Ailuropoda melanoleuca	Ailuropoda_melanoleuca__giant_panda__HLailMel2	vs_HLailMel2
Ailurus fulgens	Ailurus_fulgens__lesser_panda__HLailFul2	vs_HLailFul2
Arctocephalus gazella	Arctocephalus_gazella__antarctic_fur_seal__HLarcGaz2	vs_HLarcGaz2
Bassariscus sumichrasti	Bassariscus_sumichrasti__Cacomistle__HLbasSum1	vs_HLbasSum1
Callorhinus ursinus	Callorhinus_ursinus__northern_fur_seal__HLcalUrs1	vs_HLcalUrs1
Canis lupus familiaris	Canis_lupus_familiaris__dog__canFam4	vs_canFam4
Canis lupus familiaris	Canis_lupus_familiaris__dog__canFam4	vs_canFam4
Cryptoprocta ferox	Cryptoprocta_ferox__fossa__HLcryFer2	vs_HLcryFer2
Erignathus barbatus	Erignathus_barbatus__bearded_seal__HLeriBar1	vs_HLeriBar1
Eumetopias jubatus	Eumetopias_jubatus__Steller_sea_lion__HLeumJub1	vs_HLeumJub1
Felis catus	Felis_catus__domestic_cat__felCat9	vs_felCat9
Felis nigripes	Felis_nigripes__black-footed_cat__HLfelNig1	vs_HLfelNig1
Gulo gulo	Gulo_gulo__wolverine__HLgulGul1	vs_HLgulGul1
Halichoerus grypus	Halichoerus_grypus__gray_seal__HLhalGry1	vs_HLhalGry1
Helogale parvula	Helogale_parvula__dwarf_mongoose__HLhelPar1	vs_HLhelPar1
Hyaena hyaena	Hyaena_hyaena__striped_hyena__HLhyaHya1	vs_HLhyaHya1
Leptonychotes weddellii	Leptonychotes_weddellii__Weddell_seal__lepWed1	vs_lepWed1
Lontra canadensis	Lontra_canadensis__Northern_American_river_otter__HLlonCan1	vs_HLlonCan1
Lutra lutra	Lutra_lutra__Eurasian_river_otter__HLlutLut1	vs_HLlutLut1
Lycaon pictus	Lycaon_pictus__African_hunting_dog__HLlycPic3	vs_HLlycPic3
Lynx canadensis	Lynx_canadensis__Canada_lynx__HLlynCan1	vs_HLlynCan1
Lynx pardinus	Lynx_pardinus__Spanish_lynx__HLlynPar1	vs_HLlynPar1
Martes zibellina	Martes_zibellina__sable__HLmarZib1	vs_HLmarZib1
Mellivora capensis	Mellivora_capensis__ratel__HLmelCap1	vs_HLmelCap1
Mirounga angustirostris	Mirounga_angustirostris__Northern_elephant_seal__HLmirAng2	vs_HLmirAng2
Mirounga leonina	Mirounga_leonina__Southern_elephant_seal__HLmirLeo1	vs_HLmirLeo1
Mungos mungo	Mungos_mungo__banded_mongoose__HLmunMug1	vs_HLmunMug1
Mustela erminea	Mustela_erminea__ermine__HLmusErm1	vs_HLmusErm1
Mustela putorius	Mustela_putorius__European_polecat__HLmusPut1	vs_HLmusPut1
Nasua narica	Nasua_narica__White-nosed_coati__HLnasNar1	vs_HLnasNar1
Neofelis nebulosa	Neofelis_nebulosa__Clouded_leopard__HLneoNeb1	vs_HLneoNeb1
Neomonachus schauinslandi	Neomonachus_schauinslandi__Hawaiian_monk_seal__neoSch1	vs_neoSch1
Neovison vison	Neovison_vison__American_mink__HLneoVis1	vs_HLneoVis1
Odobenus rosmarus	Odobenus_rosmarus__walrus__HLodoRos1	vs_HLodoRos1
Panthera leo	Panthera_leo__lion__HLpanLeo1	vs_HLpanLeo1
Panthera onca	Panthera_onca__jaguar__HLpanOnc2	vs_HLpanOnc2
Panthera pardus	Panthera_pardus__leopard__HLpanPar1	vs_HLpanPar1
Paradoxurus hermaphroditus	Paradoxurus_hermaphroditus__Asian_palm_civet__HLparHer1	vs_HLparHer1
Phoca vitulina	Phoca_vitulina__harbor_seal__HLphoVit1	vs_HLphoVit1
Potos flavus	Potos_flavus__kinkajou__HLpotFla1	vs_HLpotFla1
Prionailurus bengalensis euptilurus	Prionailurus_bengalensis_euptilurus__Amur_leopard_cat__HLpriBen1	vs_HLpriBen1
Procyon lotor	Procyon_lotor__raccoon__HLproLot1	vs_HLproLot1
Pteronura brasiliensis	Pteronura_brasiliensis__giant_otter__HLpteBra2	vs_HLpteBra2
Puma concolor	Puma_concolor__puma__HLpumCon1	vs_HLpumCon1
Puma yagouaroundi	Puma_yagouaroundi__jaguarundi__HLpumYag1	vs_HLpumYag1
Spilogale gracilis	Spilogale_gracilis__western_spotted_skunk__HLspiGra1	vs_HLspiGra1
Suricata suricatta	Suricata_suricatta__meerkat__HLsurSur2	vs_HLsurSur2
Taxidea taxus jeffersonii	Taxidea_taxus_jeffersonii__American_badger__HLtaxTax1	vs_HLtaxTax1
Ursus arctos horribilis	Ursus_arctos_horribilis__brown_bear__HLursArc1	vs_HLursArc1
Ursus maritimus	Ursus_maritimus__polar_bear__ursMar1	vs_ursMar1
Ursus thibetanus thibetanus	Ursus_thibetanus_thibetanus__Asiatic_black_bear__HLursThi1	vs_HLursThi1
Vulpes lagopus	Vulpes_lagopus__Arctic_fox__HLvulLag1	vs_HLvulLag1
Zalophus californianus	Zalophus_californianus__California_sea_lion__HLzalCal1	vs_HLzalCal1
Aeorestes cinereus	Aeorestes_cinereus__hoary_bat__HLaeoCin1	vs_HLaeoCin1
Anoura caudifer	Anoura_caudifer__tailed_tailless_bat__HLanoCau1	vs_HLanoCau1
Antrozous pallidus	Antrozous_pallidus__pallid_bat__HLantPal1	vs_HLantPal1
Artibeus jamaicensis	Artibeus_jamaicensis__Jamaican_fruit-eating_bat__HLartJam2	vs_HLartJam2
Carollia perspicillata	Carollia_perspicillata__Sebas_short-tailed_bat__HLcarPer3	vs_HLcarPer3
Craseonycteris thonglongyai	Craseonycteris_thonglongyai__hog-nosed_bat__HLcraTho1	vs_HLcraTho1
Cynopterus brachyotis	Cynopterus_brachyotis__lesser_short-nosed_fruit_bat__HLcynBra1	vs_HLcynBra1
Eidolon dupreanum	Eidolon_dupreanum__Malagasy_straw-colored_fruit_bat__HLeidDup1	vs_HLeidDup1
Eidolon helvum	Eidolon_helvum__straw-colored_fruit_bat__HLeidHel2	vs_HLeidHel2
Eonycteris spelaea	Eonycteris_spelaea__lesser_dawn_bat__HLeonSpe1	vs_HLeonSpe1
Eptesicus fuscus	Eptesicus_fuscus__big_brown_bat__eptFus1	vs_eptFus1
Hipposideros armiger	Hipposideros_armiger__great_roundleaf_bat__HLhipArm1	vs_HLhipArm1
Hipposideros galeritus	Hipposideros_galeritus__Cantors_roundleaf_bat__HLhipGal1	vs_HLhipGal1
Lasiurus borealis	Lasiurus_borealis__red_bat__HLlasBor1	vs_HLlasBor1
Leptonycteris yerbabuenae	Leptonycteris_yerbabuenae__Lesser_long-nosed_bat__HLlepYer1	vs_HLlepYer1
Macroglossus sobrinus	Macroglossus_sobrinus__-__HLmacSob1	vs_HLmacSob1
Macrotus californicus	Macrotus_californicus__California_big-eared_bat__HLmacCal1	vs_HLmacCal1
Megaderma lyra	Megaderma_lyra__Indian_false_vampire__HLmegLyr2	vs_HLmegLyr2
Micronycteris hirsuta	Micronycteris_hirsuta__-__HLmicHir1	vs_HLmicHir1
Miniopterus natalensis	Miniopterus_natalensis__-__HLminNat1	vs_HLminNat1
Miniopterus schreibersii	Miniopterus_schreibersii__Schreibers_long-fingered_bat__HLminSch1	vs_HLminSch1
Molossus molossus	Molossus_molossus__Pallass_mastiff_bat__HLmolMol2	vs_HLmolMol2
Mormoops blainvillei	Mormoops_blainvillei__Antillean_ghost-faced_bat__HLmorBla1	vs_HLmorBla1
Murina aurata feae	Murina_aurata_feae__Little_tube-nosed_bat__HLmurAurFea1	vs_HLmurAurFea1
Myotis brandtii	Myotis_brandtii__Brandts_bat__myoBra1	vs_myoBra1
Myotis davidii	Myotis_davidii__-__myoDav1	vs_myoDav1
Myotis lucifugus	Myotis_lucifugus__little_brown_bat__HLmyoLuc1	vs_HLmyoLuc1
Myotis myotis	Myotis_myotis__-__HLmyoMyo6	vs_HLmyoMyo6
Myotis septentrionalis	Myotis_septentrionalis__Northern_long-eared_myotis__HLmyoSep1	vs_HLmyoSep1
Noctilio leporinus	Noctilio_leporinus__greater_bulldog_bat__HLnocLep1	vs_HLnocLep1
Nycticeius humeralis	Nycticeius_humeralis__evening_bat__HLnycHum2	vs_HLnycHum2
Phyllostomus discolor	Phyllostomus_discolor__pale_spear-nosed_bat__HLphyDis3	vs_HLphyDis3
Pipistrellus kuhlii	Pipistrellus_kuhlii__Kuhls_pipistrelle__HLpipKuh2	vs_HLpipKuh2
Pipistrellus pipistrellus	Pipistrellus_pipistrellus__common_pipistrelle__HLpipPip2	vs_HLpipPip2
Pteronotus parnellii	Pteronotus_parnellii__Parnells_mustached_bat__ptePar1	vs_ptePar1
Pteropus alecto	Pteropus_alecto__black_flying_fox__pteAle1	vs_pteAle1
Pteropus giganteus	Pteropus_giganteus__Indian_flying_fox__HLpteGig1	vs_HLpteGig1
Pteropus pselaphon	Pteropus_pselaphon__Bonin_flying_fox__HLptePse1	vs_HLptePse1
Pteropus rufus	Pteropus_rufus__Malagasy_flying_fox__HLpteRuf1	vs_HLpteRuf1
Pteropus vampyrus	Pteropus_vampyrus__large_flying_fox__HLpteVam2	vs_HLpteVam2
Rhinolophus ferrumequinum	Rhinolophus_ferrumequinum__greater_horseshoe_bat__HLrhiFer5	vs_HLrhiFer5
Rhinolophus sinicus	Rhinolophus_sinicus__Chinese_rufous_horseshoe_bat__HLrhiSin1	vs_HLrhiSin1
Rousettus aegyptiacus	Rousettus_aegyptiacus__Egyptian_rousette__HLrouAeg4	vs_HLrouAeg4
Rousettus leschenaultii	Rousettus_leschenaultii__Leschenaults_rousette__HLrouLes1	vs_HLrouLes1
Rousettus madagascariensis	Rousettus_madagascariensis__Madagascan_rousette__HLrouMad1	vs_HLrouMad1
Sturnira hondurensis	Sturnira_hondurensis__-__HLstuHon1	vs_HLstuHon1
Tadarida brasiliensis	Tadarida_brasiliensis__Brazilian_free-tailed_bat__HLtadBra1	vs_HLtadBra1
Tonatia saurophila	Tonatia_saurophila__stripe-headed_round-eared_bat__HLtonSau1	vs_HLtonSau1
Galeopterus variegatus	Galeopterus_variegatus__Sunda_flying_lemur__HLgalVar2	vs_HLgalVar2
Condylura cristata	Condylura_cristata__star-nosed_mole__conCri1	vs_conCri1
Erinaceus europaeus	Erinaceus_europaeus__western_European_hedgehog__eriEur2	vs_eriEur2
Scalopus aquaticus	Scalopus_aquaticus__eastern_mole__HLscaAqu1	vs_HLscaAqu1
Solenodon paradoxus	Solenodon_paradoxus__Hispaniolan_solenodon__HLsolPar1	vs_HLsolPar1
Sorex araneus	Sorex_araneus__European_shrew__sorAra2	vs_sorAra2
Talpa occidentalis	Talpa_occidentalis__Iberian_mole__HLtalOcc1	vs_HLtalOcc1
Uropsilus gracilis	Uropsilus_gracilis__gracile_shrew_mole__HLuroGra1	vs_HLuroGra1
Lepus americanus	Lepus_americanus__snowshoe_hare__HLlepAme1	vs_HLlepAme1
Lepus timidus	Lepus_timidus__Mountain_hare__HLlepTim1	vs_HLlepTim1
Ochotona princeps	Ochotona_princeps__American_pika__ochPri3	vs_ochPri3
Sylvilagus bachmani	Sylvilagus_bachmani__brush_rabbit__HLsylBac1	vs_HLsylBac1
Antechinus flavipes	Antechinus_flavipes__yellow-footed_antechinus__HLantFla1	vs_HLantFla1
Didelphis virginiana	Didelphis_virginiana__North_American_opossum__HLdidVir1	vs_HLdidVir1
Gracilinanus agilis	Gracilinanus_agilis__Agile_Gracile_Mouse_Opossum__HLgraAgi1	vs_HLgraAgi1
Macropus fuliginosus	Macropus_fuliginosus__western_gray_kangaroo__HLmacFul1	vs_HLmacFul1
Macropus giganteus	Macropus_giganteus__eastern_gray_kangaroo__HLmacGig1	vs_HLmacGig1
Monodelphis domestica	Monodelphis_domestica__gray_short-tailed_opossum__monDom5	vs_monDom5
Osphranter rufus	Osphranter_rufus__red_kangaroo__HLospRuf1	vs_HLospRuf1
Phalanger gymnotis	Phalanger_gymnotis__-__HLphaGym1	vs_HLphaGym1
Phascolarctos cinereus	Phascolarctos_cinereus__koala__HLphaCin1	vs_HLphaCin1
Pseudocheirus occidentalis	Pseudocheirus_occidentalis__Western_ringtail_oppossum__HLpseOcc1	vs_HLpseOcc1
Pseudochirops corinnae	Pseudochirops_corinnae__golden_ringtail_possum__HLpseCor1	vs_HLpseCor1
Pseudochirops cupreus	Pseudochirops_cupreus__coppery_ringtail_possum__HLpseCup1	vs_HLpseCup1
Sarcophilus harrisii	Sarcophilus_harrisii__Tasmanian_devil__HLsarHar2	vs_HLsarHar2
Thylacinus cynocephalus	Thylacinus_cynocephalus__Tasmanian_wolf__HLthyCyn1	vs_HLthyCyn1
Vombatus ursinus	Vombatus_ursinus__common_wombat__HLvomUrs1	vs_HLvomUrs1
Ceratotherium simum cottoni	Ceratotherium_simum_cottoni__northern_white_rhinoceros__HLcerSimCot1	vs_HLcerSimCot1
Diceros bicornis	Diceros_bicornis__black_rhinoceros__HLdicBic1	vs_HLdicBic1
Equus asinus	Equus_asinus__ass__HLequAsi1	vs_HLequAsi1
Equus burchellii boehmi	Equus_burchellii_boehmi__-__HLequQuaBoe1	vs_HLequQuaBoe1
Equus caballus	Equus_caballus__horse__equCab3	vs_equCab3
Equus przewalskii	Equus_przewalskii__Przewalskis_horse__equPrz1	vs_equPrz1
Rhinoceros unicornis	Rhinoceros_unicornis__greater_Indian_rhinoceros__HLrhiUni1	vs_HLrhiUni1
Tapirus indicus	Tapirus_indicus__Asiatic_tapir__HLtapInd2	vs_HLtapInd2
Tapirus terrestris	Tapirus_terrestris__Brazilian_tapir__HLtapTer1	vs_HLtapTer1
Manis javanica	Manis_javanica__Malayan_pangolin__HLmanJav2	vs_HLmanJav2
Manis pentadactyla	Manis_pentadactyla__Chinese_pangolin__HLmanPen2	vs_HLmanPen2
Manis tricuspis	Manis_tricuspis__Tree_pangolin__HLmanTri1	vs_HLmanTri1
Phataginus tricuspis	Phataginus_tricuspis__Tree_pangolin__HLphaTri2	vs_HLphaTri2
Allenopithecus nigroviridis	Allenopithecus_nigroviridis__Allens_swamp_monkey__HLallNig1	vs_HLallNig1
Alouatta palliata	Alouatta_palliata__mantled_howler_monkey__HLaloPal1	vs_HLaloPal1
Aotus nancymaae	Aotus_nancymaae__Mas_night_monkey__aotNan1	vs_aotNan1
Ateles geoffroyi	Ateles_geoffroyi__black-handed_spider_monkey__HLateGeo1	vs_HLateGeo1
Callithrix jacchus	Callithrix_jacchus__white-tufted-ear_marmoset__HLcalJac4	vs_HLcalJac4
Callithrix pygmaea	Callithrix_pygmaea__pygmy_marmoset__HLcalPym1	vs_HLcalPym1
Carlito syrichta	Carlito_syrichta__Philippine_tarsier__tarSyr2	vs_tarSyr2
Cebus albifrons	Cebus_albifrons__white-fronted_capuchin__HLcebAlb1	vs_HLcebAlb1
Cercocebus atys	Cercocebus_atys__sooty_mangabey__cerAty1	vs_cerAty1
Cercopithecus mona	Cercopithecus_mona__Mona_monkey__HLcerMon1	vs_HLcerMon1
Cercopithecus neglectus	Cercopithecus_neglectus__De_Brazzas_monkey__HLcerNeg1	vs_HLcerNeg1
Cheirogaleus medius	Cheirogaleus_medius__Lesser_dwarf_lemur__HLcheMed1	vs_HLcheMed1
Chlorocebus sabaeus	Chlorocebus_sabaeus__green_monkey__chlSab2	vs_chlSab2
Daubentonia madagascariensis	Daubentonia_madagascariensis__aye-aye__HLdauMad1	vs_HLdauMad1
Erythrocebus patas	Erythrocebus_patas__red_guenon__HLeryPat1	vs_HLeryPat1
Eulemur flavifrons	Eulemur_flavifrons__Sclaters_lemur__HLeulFla1	vs_HLeulFla1
Eulemur fulvus	Eulemur_fulvus__brown_lemur__HLeulFul1	vs_HLeulFul1
Eulemur macaco	Eulemur_macaco__black_lemur__eulMac1	vs_eulMac1
Eulemur mongoz	Eulemur_mongoz__mongoose_lemur__HLeulMon1	vs_HLeulMon1
Gorilla gorilla	Gorilla_gorilla__western_gorilla__HLgorGor7	vs_HLgorGor7
Hylobates moloch	Hylobates_moloch__silvery_gibbon__HLhylMol2	vs_HLhylMol2
Indri indri	Indri_indri__-__HLindInd1	vs_HLindInd1
Lemur catta	Lemur_catta__Ring-tailed_lemur__HLlemCat1	vs_HLlemCat1
Macaca fascicularis	Macaca_fascicularis__crab-eating_macaque__HLmacFas6	vs_HLmacFas6
Macaca fuscata	Macaca_fuscata__Japanese_macaque__HLmacFus1	vs_HLmacFus1
Macaca mulatta	Macaca_mulatta__Rhesus_monkey__rheMac10	vs_rheMac10
Macaca nemestrina	Macaca_nemestrina__pig-tailed_macaque__macNem1	vs_macNem1
Mandrillus leucophaeus	Mandrillus_leucophaeus__drill__manLeu1	vs_manLeu1
Microcebus murinus	Microcebus_murinus__gray_mouse_lemur__micMur3	vs_micMur3
Microcebus sp. 3 GT-2019	Microcebus_sp._3_GT-2019__-__HLmicSpe31	vs_HLmicSpe31
Microcebus tavaratra	Microcebus_tavaratra__-__HLmicTav1	vs_HLmicTav1
Mirza coquereli	Mirza_coquereli__Coquerels_mouse_lemur__HLmirCoq1	vs_HLmirCoq1
Mirza zaza	Mirza_zaza__-__HLmirZaz1	vs_HLmirZaz1
Nasalis larvatus	Nasalis_larvatus__proboscis_monkey__nasLar1	vs_nasLar1
Nomascus leucogenys	Nomascus_leucogenys__northern_white-cheeked_gibbon__HLnomLeu4	vs_HLnomLeu4
Nycticebus coucang	Nycticebus_coucang__slow_loris__HLnycCou1	vs_HLnycCou1
Otolemur garnettii	Otolemur_garnettii__small-eared_galago__otoGar3	vs_otoGar3
Pan paniscus	Pan_paniscus__pygmy_chimpanzee__panPan3	vs_panPan3
Pan troglodytes	Pan_troglodytes__chimpanzee__panTro6	vs_panTro6
Papio anubis	Papio_anubis__olive_baboon__HLpapAnu5	vs_HLpapAnu5
Piliocolobus tephrosceles	Piliocolobus_tephrosceles__Ugandan_red_Colobus__HLpilTep2	vs_HLpilTep2
Pithecia pithecia	Pithecia_pithecia__white-faced_saki__HLpitPit1	vs_HLpitPit1
Plecturocebus donacophilus	Plecturocebus_donacophilus__Bolivian_titi__HLpleDon1	vs_HLpleDon1
Pongo abelii	Pongo_abelii__Sumatran_orangutan__ponAbe3	vs_ponAbe3
Prolemur simus	Prolemur_simus__greater_bamboo_lemur__HLproSim1	vs_HLproSim1
Propithecus coquereli	Propithecus_coquereli__Coquerels_sifaka__proCoq1	vs_proCoq1
Pygathrix nemaeus	Pygathrix_nemaeus__Red_shanked_douc_langur__HLpygNem1	vs_HLpygNem1
Rhinopithecus bieti	Rhinopithecus_bieti__black_snub-nosed_monkey__rhiBie1	vs_rhiBie1
Rhinopithecus roxellana	Rhinopithecus_roxellana__golden_snub-nosed_monkey__HLrhiRox2	vs_HLrhiRox2
Saguinus imperator	Saguinus_imperator__tamarin__HLsagImp1	vs_HLsagImp1
Saimiri boliviensis	Saimiri_boliviensis__Bolivian_squirrel_monkey__HLsaiBol1	vs_HLsaiBol1
Sapajus apella	Sapajus_apella__Tufted_capuchin__HLsapApe1	vs_HLsapApe1
Semnopithecus entellus	Semnopithecus_entellus__Hanuman_langur__HLsemEnt1	vs_HLsemEnt1
Theropithecus gelada	Theropithecus_gelada__gelada__HLtheGel1	vs_HLtheGel1
Trachypithecus francoisi	Trachypithecus_francoisi__Francoiss_langur__HLtraFra1	vs_HLtraFra1
Acomys cahirinus	Acomys_cahirinus__Egyptian_spiny_mouse__HLacoCah1	vs_HLacoCah1
Acomys russatus	Acomys_russatus__golden_spiny_mouse__HLacoRus1	vs_HLacoRus1
Allactaga bullata	Allactaga_bullata__Gobi_jerboa__HLallBul1	vs_HLallBul1
Aplodontia rufa	Aplodontia_rufa__mountain_beaver__HLaplRuf1	vs_HLaplRuf1
Apodemus sylvaticus	Apodemus_sylvaticus__European_woodmouse__HLapoSyl1	vs_HLapoSyl1
Arvicola amphibius	Arvicola_amphibius__Eurasian_water_mole__HLarvAmp1	vs_HLarvAmp1
Castor canadensis	Castor_canadensis__American_beaver__HLcasCan3	vs_HLcasCan3
Cavia aperea	Cavia_aperea__Brazilian_guinea_pig__cavApe1	vs_cavApe1
Cavia porcellus	Cavia_porcellus__domestic_guinea_pig__cavPor3	vs_cavPor3
Cavia tschudii	Cavia_tschudii__Montane_guinea_pig__HLcavTsc1	vs_HLcavTsc1
Chinchilla lanigera	Chinchilla_lanigera__long-tailed_chinchilla__chiLan1	vs_chiLan1
Coendou prehensilis	Coendou_prehensilis__-__HLcoePre1	vs_HLcoePre1
Cricetomys gambianus	Cricetomys_gambianus__Gambian_giant_pouched_rat__HLcriGam1	vs_HLcriGam1
Cricetulus griseus	Cricetulus_griseus__Chinese_hamster__HLcriGri3	vs_HLcriGri3
Ctenodactylus gundi	Ctenodactylus_gundi__northern_gundi__HLcteGun1	vs_HLcteGun1
Ctenomys sociabilis	Ctenomys_sociabilis__social_tuco-tuco__HLcteSoc1	vs_HLcteSoc1
Cynomys gunnisoni	Cynomys_gunnisoni__Gunnisons_prairie_dog__HLcynGun1	vs_HLcynGun1
Dasyprocta punctata	Dasyprocta_punctata__punctate_agouti__HLdasPun1	vs_HLdasPun1
Dinomys branickii	Dinomys_branickii__pacarana__HLdinBra1	vs_HLdinBra1
Dipodomys ordii	Dipodomys_ordii__Ords_kangaroo_rat__dipOrd2	vs_dipOrd2
Dipodomys stephensi	Dipodomys_stephensi__Stephenss_kangaroo_rat__HLdipSte1	vs_HLdipSte1
Dolichotis patagonum	Dolichotis_patagonum__Patagonian_cavy__HLdolPat1	vs_HLdolPat1
Ellobius lutescens	Ellobius_lutescens__Transcaucasian_mole_vole__HLellLut1	vs_HLellLut1
Ellobius talpinus	Ellobius_talpinus__Northern_mole_vole__HLellTal1	vs_HLellTal1
Fukomys damarensis	Fukomys_damarensis__Damara_mole-rat__HLfukDam2	vs_HLfukDam2
Glis glis	Glis_glis__Fat_dormouse__HLgliGli1	vs_HLgliGli1
Grammomys surdaster	Grammomys_surdaster__-__HLgraSur1	vs_HLgraSur1
Graphiurus murinus	Graphiurus_murinus__woodland_dormouse__HLgraMur1	vs_HLgraMur1
Heterocephalus glaber	Heterocephalus_glaber__naked_mole-rat__hetGla2	vs_hetGla2
Hydrochoerus hydrochaeris	Hydrochoerus_hydrochaeris__capybara__HLhydHyd1	vs_HLhydHyd1
Hystrix cristata	Hystrix_cristata__crested_porcupine__HLhysCri1	vs_HLhysCri1
Ictidomys tridecemlineatus	Ictidomys_tridecemlineatus__thirteen-lined_ground_squirrel__speTri2	vs_speTri2
Jaculus jaculus	Jaculus_jaculus__lesser_Egyptian_jerboa__jacJac1	vs_jacJac1
Marmota flaviventris	Marmota_flaviventris__yellow-bellied_marmot__HLmarFla1	vs_HLmarFla1
Marmota himalayana	Marmota_himalayana__Himalayan_marmot__HLmarHim1	vs_HLmarHim1
Marmota vancouverensis	Marmota_vancouverensis__Vancouver_marmot__HLmarVan1	vs_HLmarVan1
Mastomys coucha	Mastomys_coucha__southern_multimammate_mouse__HLmasCou1	vs_HLmasCou1
Meriones unguiculatus	Meriones_unguiculatus__Mongolian_gerbil__HLmerUng1	vs_HLmerUng1
Mesocricetus auratus	Mesocricetus_auratus__golden_hamster__mesAur1	vs_mesAur1
Microtus agrestis	Microtus_agrestis__short-tailed_field_vole__HLmicAgr2	vs_HLmicAgr2
Microtus arvalis	Microtus_arvalis__Common_vole__HLmicArv1	vs_HLmicArv1
Microtus fortis	Microtus_fortis__reed_vole__HLmicFor1	vs_HLmicFor1
Microtus ochrogaster	Microtus_ochrogaster__prairie_vole__micOch1	vs_micOch1
Microtus oeconomus	Microtus_oeconomus__root_vole__HLmicOec1	vs_HLmicOec1
Mus caroli	Mus_caroli__Ryukyu_mouse__HLmusCar1	vs_HLmusCar1
Mus musculus	Mus_musculus__house_mouse__mm39	vs_mm39
Mus pahari	Mus_pahari__shrew_mouse__HLmusPah1	vs_HLmusPah1
Mus spicilegus	Mus_spicilegus__steppe_mouse__HLmusSpi1	vs_HLmusSpi1
Mus spretus	Mus_spretus__western_wild_mouse__HLmusSpr1	vs_HLmusSpr1
Muscardinus avellanarius	Muscardinus_avellanarius__hazel_dormouse__HLmusAve1	vs_HLmusAve1
Myocastor coypus	Myocastor_coypus__nutria__HLmyoCoy1	vs_HLmyoCoy1
Myodes glareolus	Myodes_glareolus__Bank_vole__HLmyoGla2	vs_HLmyoGla2
Nannospalax galili	Nannospalax_galili__Upper_Galilee_mountains_blind_mole_rat__nanGal1	vs_nanGal1
Neotoma lepida	Neotoma_lepida__desert_woodrat__HLneoLep1	vs_HLneoLep1
Octodon degus	Octodon_degus__degu__octDeg1	vs_octDeg1
Ondatra zibethicus	Ondatra_zibethicus__muskrat__HLondZib1	vs_HLondZib1
Onychomys torridus	Onychomys_torridus__southern_grasshopper_mouse__HLonyTor1	vs_HLonyTor1
Pedetes capensis	Pedetes_capensis__springhare__HLpedCap1	vs_HLpedCap1
Peromyscus californicus insignis	Peromyscus_californicus_insignis__California_mouse__HLperCal2	vs_HLperCal2
Peromyscus crinitus	Peromyscus_crinitus__-__HLperCri1	vs_HLperCri1
Peromyscus eremicus	Peromyscus_eremicus__cactus_mouse__HLperEre1	vs_HLperEre1
Peromyscus leucopus	Peromyscus_leucopus__white-footed_mouse__HLperLeu1	vs_HLperLeu1
Peromyscus nasutus	Peromyscus_nasutus__northern_rock_mouse__HLperNas1	vs_HLperNas1
Peromyscus polionotus subgriseus	Peromyscus_polionotus_subgriseus__oldfield_mouse__HLperPol1	vs_HLperPol1
Petromus typicus	Petromus_typicus__dassie-rat__HLpetTyp1	vs_HLpetTyp1
Psammomys obesus	Psammomys_obesus__fat_sand_rat__HLpsaObe1	vs_HLpsaObe1
Rattus norvegicus	Rattus_norvegicus__Norway_rat__HLratNor7	vs_HLratNor7
Rattus rattus	Rattus_rattus__black_rat__HLratRat7	vs_HLratRat7
Rhizomys pruinosus	Rhizomys_pruinosus__hoary_bamboo_rat__HLrhiPru1	vs_HLrhiPru1
Rhombomys opimus	Rhombomys_opimus__great_gerbil__HLrhoOpi1	vs_HLrhoOpi1
Sciurus carolinensis	Sciurus_carolinensis__gray_squirrel__HLsciCar1	vs_HLsciCar1
Sciurus vulgaris	Sciurus_vulgaris__Eurasian_red_squirrel__HLsciVul1	vs_HLsciVul1
Sigmodon hispidus	Sigmodon_hispidus__hispid_cotton_rat__HLsigHis1	vs_HLsigHis1
Spermophilus dauricus	Spermophilus_dauricus__Daurian_ground_squirrel__HLspeDau1	vs_HLspeDau1
Thryonomys swinderianus	Thryonomys_swinderianus__Greater_cane_rat__HLthrSwi1	vs_HLthrSwi1
Urocitellus parryii	Urocitellus_parryii__Arctic_ground_squirrel__HLuroPar1	vs_HLuroPar1
Xerus inauris	Xerus_inauris__South_African_ground_squirrel__HLxerIna1	vs_HLxerIna1
Zapus hudsonius	Zapus_hudsonius__meadow_jumping_mouse__HLzapHud1	vs_HLzapHud1
Aepyceros melampus	Aepyceros_melampus__impala__HLaepMel1	vs_HLaepMel1
Alces alces	Alces_alces__Eurasian_elk__HLalcAlc1	vs_HLalcAlc1
Ammotragus lervia	Ammotragus_lervia__aoudad__HLammLer1	vs_HLammLer1
Antidorcas marsupialis	Antidorcas_marsupialis__springbok__HLantMar1	vs_HLantMar1
Antilocapra americana	Antilocapra_americana__pronghorn__HLantAme1	vs_HLantAme1
Axis porcinus	Axis_porcinus__Hog_deer__HLaxiPor1	vs_HLaxiPor1
Beatragus hunteri	Beatragus_hunteri__-__HLbeaHun1	vs_HLbeaHun1
Bos frontalis	Bos_frontalis__gayal__HLbosFro1	vs_HLbosFro1
Bos gaurus	Bos_gaurus__gaur__HLbosGau1	vs_HLbosGau1
Bos grunniens	Bos_grunniens__domestic_yak__HLbosGru1	vs_HLbosGru1
Bos indicus	Bos_indicus__zebu_cattle__HLbosInd2	vs_HLbosInd2
Bos mutus	Bos_mutus__wild_yak__HLbosMut2	vs_HLbosMut2
Bos taurus	Bos_taurus__cattle__bosTau9	vs_bosTau9
Bubalus bubalis	Bubalus_bubalis__water_buffalo__HLbubBub2	vs_HLbubBub2
Capra aegagrus	Capra_aegagrus__wild_goat__HLcapAeg1	vs_HLcapAeg1
Capra hircus	Capra_hircus__goat__HLcapHir2	vs_HLcapHir2
Capra ibex	Capra_ibex__Alpine_ibex__HLcapIbe1	vs_HLcapIbe1
Capra sibirica	Capra_sibirica__Siberian_ibex__HLcapSib1	vs_HLcapSib1
Capreolus pygargus	Capreolus_pygargus__Eastern_roe_deer__HLcapPyg1	vs_HLcapPyg1
Cephalophus harveyi	Cephalophus_harveyi__Harveys_duiker__HLcepHar1	vs_HLcepHar1
Cervus elaphus hippelaphus	Cervus_elaphus_hippelaphus__red_deer__HLcerEla1	vs_HLcerEla1
Cervus hanglu yarkandensis	Cervus_hanglu_yarkandensis__Yarkand_deer__HLcerHanYar1	vs_HLcerHanYar1
Connochaetes taurinus	Connochaetes_taurinus__brindled_gnu__HLconTau2	vs_HLconTau2
Damaliscus lunatus	Damaliscus_lunatus__topi__HLdamLun1	vs_HLdamLun1
Elaphurus davidianus	Elaphurus_davidianus__Pere_Davids_deer__HLelaDav1	vs_HLelaDav1
Eudorcas thomsonii	Eudorcas_thomsonii__Thomsons_gazelle__HLeudTho1	vs_HLeudTho1
Giraffa tippelskirchi	Giraffa_tippelskirchi__-__HLgirTip1	vs_HLgirTip1
Hemitragus hylocrius	Hemitragus_hylocrius__Nilgiri_tahr__HLhemHyl1	vs_HLhemHyl1
Hippotragus equinus	Hippotragus_equinus__roan_antelope__HLhipEqu1	vs_HLhipEqu1
Hydropotes inermis	Hydropotes_inermis__Chinese_water_deer__HLhydIne1	vs_HLhydIne1
Kobus ellipsiprymnus	Kobus_ellipsiprymnus__waterbuck__HLkobEll1	vs_HLkobEll1
Kobus leche leche	Kobus_leche_leche__lechwe__HLkobLecLec1	vs_HLkobLecLec1
Litocranius walleri	Litocranius_walleri__gerenuk__HLlitWal1	vs_HLlitWal1
Madoqua kirkii	Madoqua_kirkii__Kirks_dik-dik__HLmadKir1	vs_HLmadKir1
Moschus berezovskii	Moschus_berezovskii__Chinese_forest_musk_deer__HLmosBer1	vs_HLmosBer1
Moschus chrysogaster	Moschus_chrysogaster__alpine_musk_deer__HLmosChr1	vs_HLmosChr1
Moschus moschiferus	Moschus_moschiferus__Siberian_musk_deer__HLmosMos1	vs_HLmosMos1
Muntiacus crinifrons	Muntiacus_crinifrons__black_muntjac__HLmunCri1	vs_HLmunCri1
Muntiacus muntjak	Muntiacus_muntjak__muntjak__HLmunMun1	vs_HLmunMun1
Muntiacus reevesi	Muntiacus_reevesi__Reeves_muntjac__HLmunRee1	vs_HLmunRee1
Nanger granti	Nanger_granti__Grants_gazelle__HLnanGra1	vs_HLnanGra1
Neotragus moschatus	Neotragus_moschatus__suni__HLneoMos1	vs_HLneoMos1
Neotragus pygmaeus	Neotragus_pygmaeus__royal_antelope__HLneoPyg1	vs_HLneoPyg1
Odocoileus hemionus hemionus	Odocoileus_hemionus_hemionus__mule_deer__HLodoHem1	vs_HLodoHem1
Odocoileus virginianus	Odocoileus_virginianus__white-tailed_deer__HLodoVir3	vs_HLodoVir3
Okapia johnstoni	Okapia_johnstoni__okapi__HLokaJoh2	vs_HLokaJoh2
Oreamnos americanus	Oreamnos_americanus__mountain_goat__HLoreAme1	vs_HLoreAme1
Oreotragus oreotragus	Oreotragus_oreotragus__klipspringer__HLoreOre1	vs_HLoreOre1
Oryx dammah	Oryx_dammah__scimitar-horned_oryx__HLoryDam1	vs_HLoryDam1
Oryx gazella	Oryx_gazella__gemsbok__HLoryGaz1	vs_HLoryGaz1
Ovis ammon	Ovis_ammon__argali__HLoviAmm1	vs_HLoviAmm1
Ovis aries	Ovis_aries__sheep__HLoviAri5	vs_HLoviAri5
Ovis canadensis	Ovis_canadensis__bighorn_sheep__HLoviCan2	vs_HLoviCan2
Ovis nivicola lydekkeri	Ovis_nivicola_lydekkeri__snow_sheep__HLoviNivLyd1	vs_HLoviNivLyd1
Ovis orientalis	Ovis_orientalis__Asiatic_mouflon__HLoviOri1	vs_HLoviOri1
Pantholops hodgsonii	Pantholops_hodgsonii__chiru__panHod1	vs_panHod1
Philantomba maxwellii	Philantomba_maxwellii__Maxwells_duiker__HLphiMax1	vs_HLphiMax1
Procapra przewalskii	Procapra_przewalskii__Przewalskis_gazelle__HLproPrz1	vs_HLproPrz1
Przewalskium albirostris	Przewalskium_albirostris__white-lipped_deer__HLprzAlb1	vs_HLprzAlb1
Rangifer tarandus	Rangifer_tarandus__reindeer__HLranTar1	vs_HLranTar1
Raphicerus campestris	Raphicerus_campestris__steenbok__HLrapCam1	vs_HLrapCam1
Redunca redunca	Redunca_redunca__Bohar_reedbuck__HLredRed1	vs_HLredRed1
Saiga tatarica	Saiga_tatarica__-__HLsaiTat1	vs_HLsaiTat1
Sylvicapra grimmia	Sylvicapra_grimmia__bush_duiker__HLsylGri1	vs_HLsylGri1
Syncerus caffer	Syncerus_caffer__African_buffalo__HLsynCaf1	vs_HLsynCaf1
Tragelaphus imberbis	Tragelaphus_imberbis__lesser_kudu__HLtraImb1	vs_HLtraImb1
Tragelaphus scriptus	Tragelaphus_scriptus__bushbuck__HLtraScr1	vs_HLtraScr1
Tragelaphus strepsiceros	Tragelaphus_strepsiceros__greater_kudu__HLtraStr1	vs_HLtraStr1
Tragulus javanicus	Tragulus_javanicus__Java_mouse-deer__HLtraJav1	vs_HLtraJav1
Tragulus kanchil	Tragulus_kanchil__-__HLtraKan1	vs_HLtraKan1
Tupaia belangeri	Tupaia_belangeri__northern_tree_shrew__tupBel1	vs_tupBel1
Tupaia chinensis	Tupaia_chinensis__Chinese_tree_shrew__tupChi1	vs_tupChi1
Catagonus wagneri	Catagonus_wagneri__Chacoan_peccary__HLcatWag1	vs_HLcatWag1
Sus scrofa	Sus_scrofa__pig__susScr11	vs_susScr11
Camelus bactrianus	Camelus_bactrianus__Bactrian_camel__HLcamBac1	vs_HLcamBac1
Camelus dromedarius	Camelus_dromedarius__Arabian_camel__HLcamDro2	vs_HLcamDro2
Camelus ferus	Camelus_ferus__Wild_Bactrian_camel__HLcamFer3	vs_HLcamFer3
Lama glama	Lama_glama__llama__HLlamGla1	vs_HLlamGla1
Lama glama chaku	Lama_glama_chaku__llama__HLlamGlaCha1	vs_HLlamGlaCha1
Lama guanicoe cacsilensis	Lama_guanicoe_cacsilensis__guanaco__HLlamGuaCac1	vs_HLlamGuaCac1
Vicugna pacos	Vicugna_pacos__alpaca__vicPac2	vs_vicPac2
Vicugna vicugna mensalis	Vicugna_vicugna_mensalis__vicugna__HLvicVicMen1	vs_HLvicVicMen1
Balaena mysticetus	Balaena_mysticetus__bowhead_whale__HLbalMys1	vs_HLbalMys1
Balaenoptera bonaerensis	Balaenoptera_bonaerensis__Antarctic_minke_whale__HLbalBon1	vs_HLbalBon1
Balaenoptera edeni	Balaenoptera_edeni__pygmy_Brydes_whale__HLbalEde1	vs_HLbalEde1
Balaenoptera physalus	Balaenoptera_physalus__Fin_whale__HLbalPhy1	vs_HLbalPhy1
Delphinapterus leucas	Delphinapterus_leucas__beluga_whale__HLdelLeu2	vs_HLdelLeu2
Eschrichtius robustus	Eschrichtius_robustus__grey_whale__HLescRob1	vs_HLescRob1
Eubalaena glacialis	Eubalaena_glacialis__North_Atlantic_right_whale__HLeubGla1	vs_HLeubGla1
Eubalaena japonica	Eubalaena_japonica__North_Pacific_right_whale__HLeubJap1	vs_HLeubJap1
Inia geoffrensis	Inia_geoffrensis__boutu__HLlniGeo1	vs_HLlniGeo1
Kogia breviceps	Kogia_breviceps__pygmy_sperm_whale__HLkogBre1	vs_HLkogBre1
Lipotes vexillifer	Lipotes_vexillifer__Yangtze_River_dolphin__lipVex1	vs_lipVex1
Mesoplodon bidens	Mesoplodon_bidens__Sowerbys_beaked_whale__HLmesBid1	vs_HLmesBid1
Monodon monoceros	Monodon_monoceros__narwhal__HLmonMon1	vs_HLmonMon1
Orcinus orca	Orcinus_orca__killer_whale__HLorcOrc2	vs_HLorcOrc2
Peponocephala electra	Peponocephala_electra__melon-headed_whale__HLpepEle1	vs_HLpepEle1
Phocoena phocoena	Phocoena_phocoena__harbor_porpoise__HLphoPho2	vs_HLphoPho2
Platanista minor	Platanista_minor__Indus_River_dolphin__HLplaMin1	vs_HLplaMin1
Pontoporia blainvillei	Pontoporia_blainvillei__franciscana__HLponBla1	vs_HLponBla1
Sousa chinensis	Sousa_chinensis__Indo-pacific_humpbacked_dolphin__HLsouChi1	vs_HLsouChi1
Tursiops truncatus	Tursiops_truncatus__common_bottlenose_dolphin__HLturTru4	vs_HLturTru4
Ziphius cavirostris	Ziphius_cavirostris__Cuviers_beaked_whale__HLzipCav1	vs_HLzipCav1
Choloepus hoffmanni	Choloepus_hoffmanni__Hoffmanns_two-fingered_sloth__HLchoHof3	vs_HLchoHof3
Dasypus novemcinctus	Dasypus_novemcinctus__nine-banded_armadillo__dasNov3	vs_dasNov3
Myrmecophaga tridactyla	Myrmecophaga_tridactyla__giant_anteater__HLmyrTri1	vs_HLmyrTri1
Tolypeutes matacus	Tolypeutes_matacus__-__HLtolMat1	vs_HLtolMat1
