fa	scientific	full	diet
vs_HLaciJub2	Acinonyx jubatus	Acinonyx_jubatus__cheetah__HLaciJub2	Vertivore
vs_HLailMel2	Ailuropoda melanoleuca	Ailuropoda_melanoleuca__giant_panda__HLailMel2	Herbivore
vs_HLailFul2	Ailurus fulgens	Ailurus_fulgens__lesser_panda__HLailFul2	Omnivore
vs_HLcryFer2	Cryptoprocta ferox	Cryptoprocta_ferox__fossa__HLcryFer2	Insectivore
vs_felCat9	Felis catus	Felis_catus__domestic_cat__felCat9	Herbivore
vs_HLfelNig1	Felis nigripes	Felis_nigripes__black-footed_cat__HLfelNig1	Omnivore
vs_HLhelPar1	Helogale parvula	Helogale_parvula__dwarf_mongoose__HLhelPar1	Herbivore
vs_HLhyaHya1	Hyaena hyaena	Hyaena_hyaena__striped_hyena__HLhyaHya1	Vertivore
vs_lepWed1	Leptonychotes weddellii	Leptonychotes_weddellii__Weddell_seal__lepWed1	Insectivore
vs_HLmelCap1	Mellivora capensis	Mellivora_capensis__ratel__HLmelCap1	Herbivore
vs_HLmirAng2	Mirounga angustirostris	Mirounga_angustirostris__Northern_elephant_seal__HLmirAng2	Herbivore
vs_HLmunMug1	Mungos mungo	Mungos_mungo__banded_mongoose__HLmunMug1	Insectivore
vs_neoSch1	Neomonachus schauinslandi	Neomonachus_schauinslandi__Hawaiian_monk_seal__neoSch1	Omnivore
vs_HLpanPar1	Panthera pardus	Panthera_pardus__leopard__HLpanPar1	Insectivore
vs_panTig1	Panthera tigris altaica	Panthera_tigris_altaica__Amur_tiger__panTig1	Insectivore
vs_HLparHer1	Paradoxurus hermaphroditus	Paradoxurus_hermaphroditus__Asian_palm_civet__HLparHer1	Herbivore
vs_HLpumCon1	Puma concolor	Puma_concolor__puma__HLpumCon1	Insectivore
vs_HLspiGra1	Spilogale gracilis	Spilogale_gracilis__western_spotted_skunk__HLspiGra1	Herbivore
vs_ursMar1	Ursus maritimus	Ursus_maritimus__polar_bear__ursMar1	Vertivore
vs_HLvulLag1	Vulpes lagopus	Vulpes_lagopus__Arctic_fox__HLvulLag1	Herbivore
vs_HLzalCal1	Zalophus californianus	Zalophus_californianus__California_sea_lion__HLzalCal1	Herbivore
vs_HLanoCau1	Anoura caudifer	Anoura_caudifer__tailed_tailless_bat__HLanoCau1	Omnivore
vs_HLcraTho1	Craseonycteris thonglongyai	Craseonycteris_thonglongyai__hog-nosed_bat__HLcraTho1	Omnivore
vs_HLeidHel2	Eidolon helvum	Eidolon_helvum__straw-colored_fruit_bat__HLeidHel2	Vertivore
vs_eptFus1	Eptesicus fuscus	Eptesicus_fuscus__big_brown_bat__eptFus1	Herbivore
vs_HLhipArm1	Hipposideros armiger	Hipposideros_armiger__great_roundleaf_bat__HLhipArm1	Omnivore
vs_HLhipGal1	Hipposideros galeritus	Hipposideros_galeritus__Cantors_roundleaf_bat__HLhipGal1	Herbivore
vs_HLlasBor1	Lasiurus borealis	Lasiurus_borealis__red_bat__HLlasBor1	Herbivore
vs_HLmacSob1	Macroglossus sobrinus	Macroglossus_sobrinus__-__HLmacSob1	Herbivore
vs_HLmegLyr2	Megaderma lyra	Megaderma_lyra__Indian_false_vampire__HLmegLyr2	Insectivore
vs_HLmicHir1	Micronycteris hirsuta	Micronycteris_hirsuta__-__HLmicHir1	Vertivore
vs_HLminNat1	Miniopterus natalensis	Miniopterus_natalensis__-__HLminNat1	Herbivore
vs_HLminSch1	Miniopterus schreibersii	Miniopterus_schreibersii__Schreibers_long-fingered_bat__HLminSch1	Herbivore
vs_HLmorBla1	Mormoops blainvillei	Mormoops_blainvillei__Antillean_ghost-faced_bat__HLmorBla1	Omnivore
vs_HLmurAurFea1	Murina aurata feae	Murina_aurata_feae__Little_tube-nosed_bat__HLmurAurFea1	Herbivore
vs_myoBra1	Myotis brandtii	Myotis_brandtii__Brandts_bat__myoBra1	Insectivore
vs_myoDav1	Myotis davidii	Myotis_davidii__-__myoDav1	Omnivore
vs_HLmyoLuc1	Myotis lucifugus	Myotis_lucifugus__little_brown_bat__HLmyoLuc1	Omnivore
vs_HLmyoMyo6	Myotis myotis	Myotis_myotis__-__HLmyoMyo6	Herbivore
vs_HLnocLep1	Noctilio leporinus	Noctilio_leporinus__greater_bulldog_bat__HLnocLep1	Omnivore
vs_ptePar1	Pteronotus parnellii	Pteronotus_parnellii__Parnells_mustached_bat__ptePar1	Herbivore
vs_pteAle1	Pteropus alecto	Pteropus_alecto__black_flying_fox__pteAle1	Insectivore
vs_HLpteVam2	Pteropus vampyrus	Pteropus_vampyrus__large_flying_fox__HLpteVam2	Vertivore
vs_HLrhiSin1	Rhinolophus sinicus	Rhinolophus_sinicus__Chinese_rufous_horseshoe_bat__HLrhiSin1	Herbivore
vs_HLrouAeg4	Rousettus aegyptiacus	Rousettus_aegyptiacus__Egyptian_rousette__HLrouAeg4	Herbivore
vs_HLtadBra1	Tadarida brasiliensis	Tadarida_brasiliensis__Brazilian_free-tailed_bat__HLtadBra1	Herbivore
vs_HLtonSau1	Tonatia saurophila	Tonatia_saurophila__stripe-headed_round-eared_bat__HLtonSau1	Omnivore
vs_conCri1	Condylura cristata	Condylura_cristata__star-nosed_mole__conCri1	Omnivore
vs_eriEur2	Erinaceus europaeus	Erinaceus_europaeus__western_European_hedgehog__eriEur2	Herbivore
vs_HLscaAqu1	Scalopus aquaticus	Scalopus_aquaticus__eastern_mole__HLscaAqu1	Herbivore
vs_HLsolPar1	Solenodon paradoxus	Solenodon_paradoxus__Hispaniolan_solenodon__HLsolPar1	Omnivore
vs_sorAra2	Sorex araneus	Sorex_araneus__European_shrew__sorAra2	Herbivore
vs_HLuroGra1	Uropsilus gracilis	Uropsilus_gracilis__gracile_shrew_mole__HLuroGra1	Insectivore
vs_HLlepAme1	Lepus americanus	Lepus_americanus__snowshoe_hare__HLlepAme1	Insectivore
vs_ochPri3	Ochotona princeps	Ochotona_princeps__American_pika__ochPri3	Herbivore
vs_HLdicSum1	Dicerorhinus sumatrensis sumatrensis	Dicerorhinus_sumatrensis_sumatrensis__Sumatran_rhinoceros__HLdicSum1	Herbivore
vs_HLdicBic1	Diceros bicornis	Diceros_bicornis__black_rhinoceros__HLdicBic1	Herbivore
vs_equCab3	Equus caballus	Equus_caballus__horse__equCab3	Omnivore
vs_equPrz1	Equus przewalskii	Equus_przewalskii__Przewalskis_horse__equPrz1	Omnivore
vs_HLtapTer1	Tapirus terrestris	Tapirus_terrestris__Brazilian_tapir__HLtapTer1	Insectivore
vs_HLmanPen2	Manis pentadactyla	Manis_pentadactyla__Chinese_pangolin__HLmanPen2	Herbivore
vs_HLaloPal1	Alouatta palliata	Alouatta_palliata__mantled_howler_monkey__HLaloPal1	Herbivore
vs_aotNan1	Aotus nancymaae	Aotus_nancymaae__Mas_night_monkey__aotNan1	Omnivore
vs_HLateGeo1	Ateles geoffroyi	Ateles_geoffroyi__black-handed_spider_monkey__HLateGeo1	Herbivore
vs_HLcalJac4	Callithrix jacchus	Callithrix_jacchus__white-tufted-ear_marmoset__HLcalJac4	Omnivore
vs_HLcebAlb1	Cebus albifrons	Cebus_albifrons__white-fronted_capuchin__HLcebAlb1	Herbivore
vs_cebCap1	Cebus capucinus imitator	Cebus_capucinus_imitator__white-faced_sapajou__cebCap1	Herbivore
vs_cerAty1	Cercocebus atys	Cercocebus_atys__sooty_mangabey__cerAty1	Herbivore
vs_HLcerNeg1	Cercopithecus neglectus	Cercopithecus_neglectus__De_Brazzas_monkey__HLcerNeg1	Herbivore
vs_HLcheMed1	Cheirogaleus medius	Cheirogaleus_medius__Lesser_dwarf_lemur__HLcheMed1	Omnivore
vs_chlSab2	Chlorocebus sabaeus	Chlorocebus_sabaeus__green_monkey__chlSab2	Herbivore
vs_colAng1	Colobus angolensis palliatus	Colobus_angolensis_palliatus__Angolan_colobus__colAng1	Herbivore
vs_HLeryPat1	Erythrocebus patas	Erythrocebus_patas__red_guenon__HLeryPat1	Omnivore
vs_HLeulFla1	Eulemur flavifrons	Eulemur_flavifrons__Sclaters_lemur__HLeulFla1	Insectivore
vs_HLeulFul1	Eulemur fulvus	Eulemur_fulvus__brown_lemur__HLeulFul1	Herbivore
vs_HLindInd1	Indri indri	Indri_indri__-__HLindInd1	Herbivore
vs_HLlemCat1	Lemur catta	Lemur_catta__Ring-tailed_lemur__HLlemCat1	Herbivore
vs_HLmacFas6	Macaca fascicularis	Macaca_fascicularis__crab-eating_macaque__HLmacFas6	Herbivore
vs_rheMac10	Macaca mulatta	Macaca_mulatta__Rhesus_monkey__rheMac10	Herbivore
vs_manLeu1	Mandrillus leucophaeus	Mandrillus_leucophaeus__drill__manLeu1	Vertivore
vs_micMur3	Microcebus murinus	Microcebus_murinus__gray_mouse_lemur__micMur3	Herbivore
vs_HLmirCoq1	Mirza coquereli	Mirza_coquereli__Coquerels_mouse_lemur__HLmirCoq1	Herbivore
vs_nasLar1	Nasalis larvatus	Nasalis_larvatus__proboscis_monkey__nasLar1	Insectivore
vs_HLnomLeu4	Nomascus leucogenys	Nomascus_leucogenys__northern_white-cheeked_gibbon__HLnomLeu4	Vertivore
vs_HLnycCou1	Nycticebus coucang	Nycticebus_coucang__slow_loris__HLnycCou1	Insectivore
vs_otoGar3	Otolemur garnettii	Otolemur_garnettii__small-eared_galago__otoGar3	Herbivore
vs_panPan3	Pan paniscus	Pan_paniscus__pygmy_chimpanzee__panPan3	Herbivore
vs_panTro6	Pan troglodytes	Pan_troglodytes__chimpanzee__panTro6	Insectivore
vs_HLpilTep2	Piliocolobus tephrosceles	Piliocolobus_tephrosceles__Ugandan_red_Colobus__HLpilTep2	Herbivore
vs_HLpitPit1	Pithecia pithecia	Pithecia_pithecia__white-faced_saki__HLpitPit1	Omnivore
vs_HLpleDon1	Plecturocebus donacophilus	Plecturocebus_donacophilus__Bolivian_titi__HLpleDon1	Herbivore
vs_ponAbe3	Pongo abelii	Pongo_abelii__Sumatran_orangutan__ponAbe3	Herbivore
vs_proCoq1	Propithecus coquereli	Propithecus_coquereli__Coquerels_sifaka__proCoq1	Herbivore
vs_HLpygNem1	Pygathrix nemaeus	Pygathrix_nemaeus__Red_shanked_douc_langur__HLpygNem1	Insectivore
vs_rhiBie1	Rhinopithecus bieti	Rhinopithecus_bieti__black_snub-nosed_monkey__rhiBie1	Herbivore
vs_HLrhiRox2	Rhinopithecus roxellana	Rhinopithecus_roxellana__golden_snub-nosed_monkey__HLrhiRox2	Herbivore
vs_HLsagImp1	Saguinus imperator	Saguinus_imperator__tamarin__HLsagImp1	Vertivore
vs_HLsaiBol1	Saimiri boliviensis	Saimiri_boliviensis__Bolivian_squirrel_monkey__HLsaiBol1	Vertivore
vs_HLsemEnt1	Semnopithecus entellus	Semnopithecus_entellus__Hanuman_langur__HLsemEnt1	Omnivore
vs_HLacoCah1	Acomys cahirinus	Acomys_cahirinus__Egyptian_spiny_mouse__HLacoCah1	Omnivore
vs_HLallBul1	Allactaga bullata	Allactaga_bullata__Gobi_jerboa__HLallBul1	Omnivore
vs_HLaplRuf1	Aplodontia rufa	Aplodontia_rufa__mountain_beaver__HLaplRuf1	Herbivore
vs_cavApe1	Cavia aperea	Cavia_aperea__Brazilian_guinea_pig__cavApe1	Herbivore
vs_cavPor3	Cavia porcellus	Cavia_porcellus__domestic_guinea_pig__cavPor3	Herbivore
vs_HLcavTsc1	Cavia tschudii	Cavia_tschudii__Montane_guinea_pig__HLcavTsc1	Herbivore
vs_chiLan1	Chinchilla lanigera	Chinchilla_lanigera__long-tailed_chinchilla__chiLan1	Omnivore
vs_HLcriGam1	Cricetomys gambianus	Cricetomys_gambianus__Gambian_giant_pouched_rat__HLcriGam1	Herbivore
vs_HLcriGri3	Cricetulus griseus	Cricetulus_griseus__Chinese_hamster__HLcriGri3	Omnivore
vs_HLcteGun1	Ctenodactylus gundi	Ctenodactylus_gundi__northern_gundi__HLcteGun1	Herbivore
vs_HLcteSoc1	Ctenomys sociabilis	Ctenomys_sociabilis__social_tuco-tuco__HLcteSoc1	Insectivore
vs_HLdasPun1	Dasyprocta punctata	Dasyprocta_punctata__punctate_agouti__HLdasPun1	Insectivore
vs_HLdinBra1	Dinomys branickii	Dinomys_branickii__pacarana__HLdinBra1	Herbivore
vs_dipOrd2	Dipodomys ordii	Dipodomys_ordii__Ords_kangaroo_rat__dipOrd2	Herbivore
vs_HLdipSte1	Dipodomys stephensi	Dipodomys_stephensi__Stephenss_kangaroo_rat__HLdipSte1	Insectivore
vs_HLdolPat1	Dolichotis patagonum	Dolichotis_patagonum__Patagonian_cavy__HLdolPat1	Omnivore
vs_HLellLut1	Ellobius lutescens	Ellobius_lutescens__Transcaucasian_mole_vole__HLellLut1	Herbivore
vs_HLellTal1	Ellobius talpinus	Ellobius_talpinus__Northern_mole_vole__HLellTal1	Herbivore
vs_HLfukDam2	Fukomys damarensis	Fukomys_damarensis__Damara_mole-rat__HLfukDam2	Insectivore
vs_HLgliGli1	Glis glis	Glis_glis__Fat_dormouse__HLgliGli1	Herbivore
vs_HLgraMur1	Graphiurus murinus	Graphiurus_murinus__woodland_dormouse__HLgraMur1	Insectivore
vs_hetGla2	Heterocephalus glaber	Heterocephalus_glaber__naked_mole-rat__hetGla2	Insectivore
vs_HLhydHyd1	Hydrochoerus hydrochaeris	Hydrochoerus_hydrochaeris__capybara__HLhydHyd1	Vertivore
vs_jacJac1	Jaculus jaculus	Jaculus_jaculus__lesser_Egyptian_jerboa__jacJac1	Omnivore
vs_HLmarMar1	Marmota marmota marmota	Marmota_marmota_marmota__Alpine_marmot__HLmarMar1	Insectivore
vs_HLmerUng1	Meriones unguiculatus	Meriones_unguiculatus__Mongolian_gerbil__HLmerUng1	Vertivore
vs_mesAur1	Mesocricetus auratus	Mesocricetus_auratus__golden_hamster__mesAur1	Herbivore
vs_micOch1	Microtus ochrogaster	Microtus_ochrogaster__prairie_vole__micOch1	Omnivore
vs_HLmusCar1	Mus caroli	Mus_caroli__Ryukyu_mouse__HLmusCar1	Omnivore
vs_HLmusPah1	Mus pahari	Mus_pahari__shrew_mouse__HLmusPah1	Omnivore
vs_HLmusSpr1	Mus spretus	Mus_spretus__western_wild_mouse__HLmusSpr1	Omnivore
vs_HLmusAve1	Muscardinus avellanarius	Muscardinus_avellanarius__hazel_dormouse__HLmusAve1	Omnivore
vs_HLmyoCoy1	Myocastor coypus	Myocastor_coypus__nutria__HLmyoCoy1	Herbivore
vs_nanGal1	Nannospalax galili	Nannospalax_galili__Upper_Galilee_mountains_blind_mole_rat__nanGal1	Insectivore
vs_octDeg1	Octodon degus	Octodon_degus__degu__octDeg1	Insectivore
vs_HLondZib1	Ondatra zibethicus	Ondatra_zibethicus__muskrat__HLondZib1	Omnivore
vs_HLonyTor1	Onychomys torridus	Onychomys_torridus__southern_grasshopper_mouse__HLonyTor1	Omnivore
vs_HLpetTyp1	Petromus typicus	Petromus_typicus__dassie-rat__HLpetTyp1	Vertivore
vs_HLpsaObe1	Psammomys obesus	Psammomys_obesus__fat_sand_rat__HLpsaObe1	Herbivore
vs_HLratNor7	Rattus norvegicus	Rattus_norvegicus__Norway_rat__HLratNor7	Omnivore
vs_HLsigHis1	Sigmodon hispidus	Sigmodon_hispidus__hispid_cotton_rat__HLsigHis1	Omnivore
vs_HLspeDau1	Spermophilus dauricus	Spermophilus_dauricus__Daurian_ground_squirrel__HLspeDau1	Omnivore
vs_HLthrSwi1	Thryonomys swinderianus	Thryonomys_swinderianus__Greater_cane_rat__HLthrSwi1	Omnivore
vs_HLxerIna1	Xerus inauris	Xerus_inauris__South_African_ground_squirrel__HLxerIna1	Vertivore
vs_HLzapHud1	Zapus hudsonius	Zapus_hudsonius__meadow_jumping_mouse__HLzapHud1	Herbivore
vs_HLammLer1	Ammotragus lervia	Ammotragus_lervia__aoudad__HLammLer1	Herbivore
vs_HLantAme1	Antilocapra americana	Antilocapra_americana__pronghorn__HLantAme1	Herbivore
vs_HLbeaHun1	Beatragus hunteri	Beatragus_hunteri__-__HLbeaHun1	Insectivore
vs_bisBis1	Bison bison bison	Bison_bison_bison__American_bison__bisBis1	Herbivore
vs_HLbosInd2	Bos indicus	Bos_indicus__zebu_cattle__HLbosInd2	Herbivore
vs_HLbubBub2	Bubalus bubalis	Bubalus_bubalis__water_buffalo__HLbubBub2	Herbivore
vs_HLcapHir2	Capra hircus	Capra_hircus__goat__HLcapHir2	Vertivore
vs_HLelaDav1	Elaphurus davidianus	Elaphurus_davidianus__Pere_Davids_deer__HLelaDav1	Insectivore
vs_HLgirTip1	Giraffa tippelskirchi	Giraffa_tippelskirchi__-__HLgirTip1	Herbivore
vs_HLhemHyl1	Hemitragus hylocrius	Hemitragus_hylocrius__Nilgiri_tahr__HLhemHyl1	Insectivore
vs_HLmosMos1	Moschus moschiferus	Moschus_moschiferus__Siberian_musk_deer__HLmosMos1	Insectivore
vs_HLokaJoh2	Okapia johnstoni	Okapia_johnstoni__okapi__HLokaJoh2	Omnivore
vs_HLoviAri5	Ovis aries	Ovis_aries__sheep__HLoviAri5	Vertivore
vs_panHod1	Pantholops hodgsonii	Pantholops_hodgsonii__chiru__panHod1	Insectivore
vs_HLranTar1	Rangifer tarandus	Rangifer_tarandus__reindeer__HLranTar1	Herbivore
vs_HLsaiTat1	Saiga tatarica	Saiga_tatarica__-__HLsaiTat1	Vertivore
vs_HLtraJav1	Tragulus javanicus	Tragulus_javanicus__Java_mouse-deer__HLtraJav1	Omnivore
vs_tupBel1	Tupaia belangeri	Tupaia_belangeri__northern_tree_shrew__tupBel1	Herbivore
vs_tupChi1	Tupaia chinensis	Tupaia_chinensis__Chinese_tree_shrew__tupChi1	Herbivore
vs_HLcatWag1	Catagonus wagneri	Catagonus_wagneri__Chacoan_peccary__HLcatWag1	Herbivore
vs_susScr11	Sus scrofa	Sus_scrofa__pig__susScr11	Vertivore
vs_HLcamBac1	Camelus bactrianus	Camelus_bactrianus__Bactrian_camel__HLcamBac1	Omnivore
vs_HLcamDro2	Camelus dromedarius	Camelus_dromedarius__Arabian_camel__HLcamDro2	Herbivore
vs_HLcamFer3	Camelus ferus	Camelus_ferus__Wild_Bactrian_camel__HLcamFer3	Herbivore
vs_vicPac2	Vicugna pacos	Vicugna_pacos__alpaca__vicPac2	Herbivore
vs_balAcu1	Balaenoptera acutorostrata scammoni	Balaenoptera_acutorostrata_scammoni__minke_whale__balAcu1	Omnivore
vs_HLbalBon1	Balaenoptera bonaerensis	Balaenoptera_bonaerensis__Antarctic_minke_whale__HLbalBon1	Insectivore
vs_HLdelLeu2	Delphinapterus leucas	Delphinapterus_leucas__beluga_whale__HLdelLeu2	Omnivore
vs_HLescRob1	Eschrichtius robustus	Eschrichtius_robustus__grey_whale__HLescRob1	Herbivore
vs_HLeubJap1	Eubalaena japonica	Eubalaena_japonica__North_Pacific_right_whale__HLeubJap1	Herbivore
vs_HLlniGeo1	Inia geoffrensis	Inia_geoffrensis__boutu__HLlniGeo1	Herbivore
vs_HLkogBre1	Kogia breviceps	Kogia_breviceps__pygmy_sperm_whale__HLkogBre1	Insectivore
vs_lipVex1	Lipotes vexillifer	Lipotes_vexillifer__Yangtze_River_dolphin__lipVex1	Herbivore
vs_HLmesBid1	Mesoplodon bidens	Mesoplodon_bidens__Sowerbys_beaked_whale__HLmesBid1	Vertivore
vs_HLneoAsi1	Neophocaena asiaeorientalis asiaeorientalis	Neophocaena_asiaeorientalis_asiaeorientalis__Yangtze_finless_porpoise__HLneoAsi1	Omnivore
vs_HLplaMin1	Platanista minor	Platanista_minor__Indus_River_dolphin__HLplaMin1	Herbivore
vs_HLzipCav1	Ziphius cavirostris	Ziphius_cavirostris__Cuviers_beaked_whale__HLzipCav1	Omnivore
